{
    "time": "2026-05-13T17:46:05+02:00",
    "post": {
        "id": "1",
        "csrf_token": "66cac890dfe8998feb0c11d0cb5368dd678b28c9e94f7ee3132fe00e1692e433",
        "title": "G-Server",
        "subtitle": "Cung cấp giải pháp máy chủ tốc độ cao, cấu hình mạnh mẽ chuyên biệt cho Game Server và Doanh nghiệp.",
        "intro_duration": "0",
        "partners_heading": "Đối Tác Hạ Tầng & Công Nghệ",
        "modpacks_heading": "Hỗ Trợ Đa Dạng Modpack & Nền Tảng",
        "gallery_heading": "Hình Ảnh Trải Nghiệm & Datacenter",
        "content": "",
        "uptime": "99.99%",
        "uptime_icon": "",
        "support": "24\/7\/365",
        "support_icon": "",
        "performance": "Ultra NVMe",
        "performance_icon": "",
        "section_title": [
            "Hạ tầng mạng Tiêu chuẩn Công nghiệp",
            "Tối ưu hóa cho Trải nghiệm Game Thuần túy",
            "Kích hoạt Tức thì - Hỗ trợ Tận tâm"
        ],
        "section_content": [
            "<p>G-Server vận hành trên nền tảng phần cứng mạnh mẽ với các thiết bị định tuyến từ <strong>Cisco<\/strong>, đảm bảo khả năng xử lý hàng triệu gói tin mỗi giây. Hệ thống của chúng tôi được tối ưu hóa cho các giao thức VPN (Site-to-Site, Teleworker) và định tuyến thông minh để giảm thiểu tối đa độ trễ (latency).<\/p><ul><li><strong>Chống DDoS đa tầng:<\/strong> Lọc traffic độc hại ngay tại cửa ngõ hạ tầng.<\/li><li><strong>Băng thông không giới hạn:<\/strong> Đảm bảo đường truyền luôn thông suốt kể cả trong giờ cao điểm.<\/li><\/ul>",
            "<p>Chúng tôi hiểu rằng những thay đổi về cơ chế server có thể làm hỏng các cỗ máy redstone phức tạp hay các hệ thống farm trong Minecraft. Tại G-Server, chúng tôi cam kết:<\/p><ul><li><strong>Giữ nguyên cơ chế Vanilla:<\/strong> Không can thiệp vào hành vi của Piston, Villager hay tốc độ Tick-rate của server.<\/li><li><strong>Hỗ trợ đa nền tảng:<\/strong> Dễ dàng triển khai các bản Modpack nặng như RLCraft, SkyFactory hay các Script Roleplay chuyên sâu cho GTA V mà không gặp rào cản kỹ thuật.<\/li><\/ul>",
            "<p>Thời gian của bạn là vàng. Hệ thống quản trị của G-Server cho phép khách hàng khởi tạo dịch vụ chỉ trong vài giây sau khi thanh toán thành công.<\/p><p>Đội ngũ hỗ trợ của chúng tôi bao gồm những kỹ thuật viên am hiểu sâu về quản trị hệ thống và phát triển game, sẵn sàng giúp bạn giải quyết các vấn đề từ cấu hình IP Route đến cài đặt Plugin\/Modpack phức tạp 24\/7.<\/p>"
        ],
        "years_active": "5 Năm",
        "founded_year": "2021",
        "partners_name": [
            "Viettel IDC",
            "Cisco Systems",
            "Cloudflare"
        ],
        "partners_url": [
            "https:\/\/viettelidc.com.vn",
            "https:\/\/www.cisco.com",
            "https:\/\/www.cloudflare.com"
        ],
        "partners_logo_text": [
            "\/uploads\/viettelidc_logo.png",
            "\/uploads\/cisco_logo.png",
            "\/uploads\/cloudflare_logo.png"
        ],
        "modpacks_name": [
            "Vanilla (Tối ưu cơ chế)",
            "RLCraft",
            "SkyFactory 4"
        ],
        "modpacks_url": [
            "#",
            "#",
            "#"
        ],
        "modpacks_logo_text": [
            "\/uploads\/vanilla_icon.png",
            "\/uploads\/rlcraft_icon.png",
            "\/uploads\/skyfactory_icon.png"
        ],
        "gallery_title": [
            ""
        ],
        "gallery_caption": [
            ""
        ],
        "cta_heading": "Sẵn sàng bắt đầu dự án của bạn cùng G-Server?",
        "cta_text": "Khởi tạo Game Server hoặc Website của bạn ngay hôm nay với các gói dịch vụ lưu trữ linh hoạt, mạnh mẽ và tiết kiệm nhất.",
        "cta_button_text": "Đăng Ký Ngay",
        "cta_button_url": "\/san-pham",
        "image_text": "",
        "background_text": "",
        "intro_gif_text": ""
    },
    "files": {
        "partners_logo": {
            "name": [
                "",
                "",
                ""
            ],
            "size": [
                0,
                0,
                0
            ]
        },
        "modpacks_logo": {
            "name": [
                "",
                "",
                ""
            ],
            "size": [
                0,
                0,
                0
            ]
        },
        "gallery_images": {
            "name": [
                ""
            ],
            "size": [
                0
            ]
        },
        "image": {
            "name": "Spiderman Technoblade GIF.gif",
            "size": 9063531
        },
        "background": {
            "name": "Rest In Peace Animation GIF.gif",
            "size": 15421498
        },
        "intro_gif": {
            "name": "",
            "size": 0
        }
    },
    "about_rows": [
        {
            "id": 1,
            "title": "G-Server - Khởi Tạo Đam Mê, Nền Tảng Lưu Trữ Không Giới Hạn",
            "subtitle": "Cung cấp giải pháp máy chủ tốc độ cao, cấu hình mạnh mẽ chuyên biệt cho Game Server và Doanh nghiệp.",
            "services_heading": "Dịch Vụ Của Chúng Tôi",
            "partners_heading": "Đối Tác Hạ Tầng & Công Nghệ",
            "modpacks_heading": "Hỗ Trợ Đa Dạng Modpack & Nền Tảng",
            "gallery_heading": "Hình Ảnh Trải Nghiệm & Datacenter",
            "content": "",
            "image": null,
            "admin_id": null,
            "uptime": "99.99%",
            "support": "24\/7\/365",
            "performance": "Ultra NVMe",
            "years_active": "5 Năm",
            "founded_year": 2021,
            "partners": "[\n        {\"name\": \"Viettel IDC\", \"url\": \"https:\/\/viettelidc.com.vn\", \"logo\": \"\/uploads\/viettelidc_logo.png\"},\n        {\"name\": \"Cisco Systems\", \"url\": \"https:\/\/www.cisco.com\", \"logo\": \"\/uploads\/cisco_logo.png\"},\n        {\"name\": \"Cloudflare\", \"url\": \"https:\/\/www.cloudflare.com\", \"logo\": \"\/uploads\/cloudflare_logo.png\"}\n    ]",
            "modpacks": "[\n        {\"name\": \"Vanilla (Tối ưu cơ chế)\", \"url\": \"#\", \"logo\": \"\/uploads\/vanilla_icon.png\"},\n        {\"name\": \"RLCraft\", \"url\": \"#\", \"logo\": \"\/uploads\/rlcraft_icon.png\"},\n        {\"name\": \"SkyFactory 4\", \"url\": \"#\", \"logo\": \"\/uploads\/skyfactory_icon.png\"}\n    ]",
            "gallery": null,
            "services": null,
            "sections": "[\n        {\n            \"title\": \"Hạ tầng mạng Tiêu chuẩn Công nghiệp\",\n            \"content\": \"<p>G-Server vận hành trên nền tảng phần cứng mạnh mẽ với các thiết bị định tuyến từ <strong>Cisco<\/strong>, đảm bảo khả năng xử lý hàng triệu gói tin mỗi giây. Hệ thống của chúng tôi được tối ưu hóa cho các giao thức VPN (Site-to-Site, Teleworker) và định tuyến thông minh để giảm thiểu tối đa độ trễ (latency).<\/p><ul><li><strong>Chống DDoS đa tầng:<\/strong> Lọc traffic độc hại ngay tại cửa ngõ hạ tầng.<\/li><li><strong>Băng thông không giới hạn:<\/strong> Đảm bảo đường truyền luôn thông suốt kể cả trong giờ cao điểm.<\/li><\/ul>\"\n        },\n        {\n            \"title\": \"Tối ưu hóa cho Trải nghiệm Game Thuần túy\",\n            \"content\": \"<p>Chúng tôi hiểu rằng những thay đổi về cơ chế server có thể làm hỏng các cỗ máy redstone phức tạp hay các hệ thống farm trong Minecraft. Tại G-Server, chúng tôi cam kết:<\/p><ul><li><strong>Giữ nguyên cơ chế Vanilla:<\/strong> Không can thiệp vào hành vi của Piston, Villager hay tốc độ Tick-rate của server.<\/li><li><strong>Hỗ trợ đa nền tảng:<\/strong> Dễ dàng triển khai các bản Modpack nặng như RLCraft, SkyFactory hay các Script Roleplay chuyên sâu cho GTA V mà không gặp rào cản kỹ thuật.<\/li><\/ul>\"\n        },\n        {\n            \"title\": \"Kích hoạt Tức thì - Hỗ trợ Tận tâm\",\n            \"content\": \"<p>Thời gian của bạn là vàng. Hệ thống quản trị của G-Server cho phép khách hàng khởi tạo dịch vụ chỉ trong vài giây sau khi thanh toán thành công.<\/p><p>Đội ngũ hỗ trợ của chúng tôi bao gồm những kỹ thuật viên am hiểu sâu về quản trị hệ thống và phát triển game, sẵn sàng giúp bạn giải quyết các vấn đề từ cấu hình IP Route đến cài đặt Plugin\/Modpack phức tạp 24\/7.<\/p>\"\n        }\n    ]",
            "cta_heading": "Sẵn sàng bắt đầu dự án của bạn cùng G-Server?",
            "cta_text": "Khởi tạo Game Server hoặc Website của bạn ngay hôm nay với các gói dịch vụ lưu trữ linh hoạt, mạnh mẽ và tiết kiệm nhất.",
            "cta_button_text": "Đăng Ký Ngay",
            "cta_button_url": "\/san-pham",
            "updated_at": "2026-05-13 21:08:41",
            "background": null,
            "intro_gif": null,
            "intro_duration": "5.52"
        }
    ]
}
---
{
    "time": "2026-05-13T17:46:05+02:00",
    "payload": {
        "id": 1,
        "title": "G-Server",
        "subtitle": "Cung cấp giải pháp máy chủ tốc độ cao, cấu hình mạnh mẽ chuyên biệt cho Game Server và Doanh nghiệp.",
        "content": "",
        "image": "img_6a049cbd0afe2.gif",
        "background": "img_6a049cbd0b711.gif",
        "intro_gif": null,
        "intro_duration": 0,
        "admin_id": 9,
        "uptime": "99.99%",
        "support": "24\/7\/365",
        "performance": "Ultra NVMe",
        "years_active": "5 Năm",
        "founded_year": 2021,
        "partners": "[{\"name\":\"Viettel IDC\",\"url\":\"https:\\\/\\\/viettelidc.com.vn\",\"logo\":\"\\\/uploads\\\/viettelidc_logo.png\"},{\"name\":\"Cisco Systems\",\"url\":\"https:\\\/\\\/www.cisco.com\",\"logo\":\"\\\/uploads\\\/cisco_logo.png\"},{\"name\":\"Cloudflare\",\"url\":\"https:\\\/\\\/www.cloudflare.com\",\"logo\":\"\\\/uploads\\\/cloudflare_logo.png\"}]",
        "modpacks": "[{\"name\":\"Vanilla (Tối ưu cơ chế)\",\"url\":\"#\",\"logo\":\"\\\/uploads\\\/vanilla_icon.png\"},{\"name\":\"RLCraft\",\"url\":\"#\",\"logo\":\"\\\/uploads\\\/rlcraft_icon.png\"},{\"name\":\"SkyFactory 4\",\"url\":\"#\",\"logo\":\"\\\/uploads\\\/skyfactory_icon.png\"}]",
        "gallery": null,
        "sections": "[{\"title\":\"Hạ tầng mạng Tiêu chuẩn Công nghiệp\",\"content\":\"<p>G-Server vận hành trên nền tảng phần cứng mạnh mẽ với các thiết bị định tuyến từ <strong>Cisco<\\\/strong>, đảm bảo khả năng xử lý hàng triệu gói tin mỗi giây. Hệ thống của chúng tôi được tối ưu hóa cho các giao thức VPN (Site-to-Site, Teleworker) và định tuyến thông minh để giảm thiểu tối đa độ trễ (latency).<\\\/p><ul><li><strong>Chống DDoS đa tầng:<\\\/strong> Lọc traffic độc hại ngay tại cửa ngõ hạ tầng.<\\\/li><li><strong>Băng thông không giới hạn:<\\\/strong> Đảm bảo đường truyền luôn thông suốt kể cả trong giờ cao điểm.<\\\/li><\\\/ul>\"},{\"title\":\"Tối ưu hóa cho Trải nghiệm Game Thuần túy\",\"content\":\"<p>Chúng tôi hiểu rằng những thay đổi về cơ chế server có thể làm hỏng các cỗ máy redstone phức tạp hay các hệ thống farm trong Minecraft. Tại G-Server, chúng tôi cam kết:<\\\/p><ul><li><strong>Giữ nguyên cơ chế Vanilla:<\\\/strong> Không can thiệp vào hành vi của Piston, Villager hay tốc độ Tick-rate của server.<\\\/li><li><strong>Hỗ trợ đa nền tảng:<\\\/strong> Dễ dàng triển khai các bản Modpack nặng như RLCraft, SkyFactory hay các Script Roleplay chuyên sâu cho GTA V mà không gặp rào cản kỹ thuật.<\\\/li><\\\/ul>\"},{\"title\":\"Kích hoạt Tức thì - Hỗ trợ Tận tâm\",\"content\":\"<p>Thời gian của bạn là vàng. Hệ thống quản trị của G-Server cho phép khách hàng khởi tạo dịch vụ chỉ trong vài giây sau khi thanh toán thành công.<\\\/p><p>Đội ngũ hỗ trợ của chúng tôi bao gồm những kỹ thuật viên am hiểu sâu về quản trị hệ thống và phát triển game, sẵn sàng giúp bạn giải quyết các vấn đề từ cấu hình IP Route đến cài đặt Plugin\\\/Modpack phức tạp 24\\\/7.<\\\/p>\"}]",
        "partners_heading": "Đối Tác Hạ Tầng & Công Nghệ",
        "modpacks_heading": "Hỗ Trợ Đa Dạng Modpack & Nền Tảng",
        "gallery_heading": "Hình Ảnh Trải Nghiệm & Datacenter",
        "cta_heading": "Sẵn sàng bắt đầu dự án của bạn cùng G-Server?",
        "cta_text": "Khởi tạo Game Server hoặc Website của bạn ngay hôm nay với các gói dịch vụ lưu trữ linh hoạt, mạnh mẽ và tiết kiệm nhất.",
        "cta_button_text": "Đăng Ký Ngay",
        "cta_button_url": "\/san-pham",
        "uptime_icon": "",
        "support_icon": "",
        "performance_icon": ""
    },
    "saved": {
        "id": 1,
        "title": "G-Server",
        "subtitle": "Cung cấp giải pháp máy chủ tốc độ cao, cấu hình mạnh mẽ chuyên biệt cho Game Server và Doanh nghiệp.",
        "services_heading": null,
        "partners_heading": "Đối Tác Hạ Tầng & Công Nghệ",
        "modpacks_heading": "Hỗ Trợ Đa Dạng Modpack & Nền Tảng",
        "gallery_heading": "Hình Ảnh Trải Nghiệm & Datacenter",
        "content": "",
        "image": "img_6a049cbd0afe2.gif",
        "admin_id": 9,
        "uptime": "99.99%",
        "support": "24\/7\/365",
        "performance": "Ultra NVMe",
        "years_active": "5 Năm",
        "founded_year": 2021,
        "partners": "[{\"name\":\"Viettel IDC\",\"url\":\"https:\\\/\\\/viettelidc.com.vn\",\"logo\":\"\\\/uploads\\\/viettelidc_logo.png\"},{\"name\":\"Cisco Systems\",\"url\":\"https:\\\/\\\/www.cisco.com\",\"logo\":\"\\\/uploads\\\/cisco_logo.png\"},{\"name\":\"Cloudflare\",\"url\":\"https:\\\/\\\/www.cloudflare.com\",\"logo\":\"\\\/uploads\\\/cloudflare_logo.png\"}]",
        "modpacks": "[{\"name\":\"Vanilla (Tối ưu cơ chế)\",\"url\":\"#\",\"logo\":\"\\\/uploads\\\/vanilla_icon.png\"},{\"name\":\"RLCraft\",\"url\":\"#\",\"logo\":\"\\\/uploads\\\/rlcraft_icon.png\"},{\"name\":\"SkyFactory 4\",\"url\":\"#\",\"logo\":\"\\\/uploads\\\/skyfactory_icon.png\"}]",
        "gallery": null,
        "services": null,
        "sections": "[{\"title\":\"Hạ tầng mạng Tiêu chuẩn Công nghiệp\",\"content\":\"<p>G-Server vận hành trên nền tảng phần cứng mạnh mẽ với các thiết bị định tuyến từ <strong>Cisco<\\\/strong>, đảm bảo khả năng xử lý hàng triệu gói tin mỗi giây. Hệ thống của chúng tôi được tối ưu hóa cho các giao thức VPN (Site-to-Site, Teleworker) và định tuyến thông minh để giảm thiểu tối đa độ trễ (latency).<\\\/p><ul><li><strong>Chống DDoS đa tầng:<\\\/strong> Lọc traffic độc hại ngay tại cửa ngõ hạ tầng.<\\\/li><li><strong>Băng thông không giới hạn:<\\\/strong> Đảm bảo đường truyền luôn thông suốt kể cả trong giờ cao điểm.<\\\/li><\\\/ul>\"},{\"title\":\"Tối ưu hóa cho Trải nghiệm Game Thuần túy\",\"content\":\"<p>Chúng tôi hiểu rằng những thay đổi về cơ chế server có thể làm hỏng các cỗ máy redstone phức tạp hay các hệ thống farm trong Minecraft. Tại G-Server, chúng tôi cam kết:<\\\/p><ul><li><strong>Giữ nguyên cơ chế Vanilla:<\\\/strong> Không can thiệp vào hành vi của Piston, Villager hay tốc độ Tick-rate của server.<\\\/li><li><strong>Hỗ trợ đa nền tảng:<\\\/strong> Dễ dàng triển khai các bản Modpack nặng như RLCraft, SkyFactory hay các Script Roleplay chuyên sâu cho GTA V mà không gặp rào cản kỹ thuật.<\\\/li><\\\/ul>\"},{\"title\":\"Kích hoạt Tức thì - Hỗ trợ Tận tâm\",\"content\":\"<p>Thời gian của bạn là vàng. Hệ thống quản trị của G-Server cho phép khách hàng khởi tạo dịch vụ chỉ trong vài giây sau khi thanh toán thành công.<\\\/p><p>Đội ngũ hỗ trợ của chúng tôi bao gồm những kỹ thuật viên am hiểu sâu về quản trị hệ thống và phát triển game, sẵn sàng giúp bạn giải quyết các vấn đề từ cấu hình IP Route đến cài đặt Plugin\\\/Modpack phức tạp 24\\\/7.<\\\/p>\"}]",
        "cta_heading": "Sẵn sàng bắt đầu dự án của bạn cùng G-Server?",
        "cta_text": "Khởi tạo Game Server hoặc Website của bạn ngay hôm nay với các gói dịch vụ lưu trữ linh hoạt, mạnh mẽ và tiết kiệm nhất.",
        "cta_button_text": "Đăng Ký Ngay",
        "cta_button_url": "\/san-pham",
        "updated_at": "2026-05-13 22:46:05",
        "background": "img_6a049cbd0b711.gif",
        "intro_gif": null,
        "intro_duration": "0.00"
    },
    "note": "non-ajax flow"
}
---
{
    "time": "2026-05-13T17:48:54+02:00",
    "post": {
        "id": "1",
        "csrf_token": "66cac890dfe8998feb0c11d0cb5368dd678b28c9e94f7ee3132fe00e1692e433",
        "title": "G-Server",
        "subtitle": "Cung cấp giải pháp máy chủ tốc độ cao, cấu hình mạnh mẽ chuyên biệt cho Game Server và Doanh nghiệp.",
        "intro_duration": "5.00",
        "partners_heading": "Đối Tác Hạ Tầng & Công Nghệ",
        "modpacks_heading": "Hỗ Trợ Đa Dạng Modpack & Nền Tảng",
        "gallery_heading": "Hình Ảnh Trải Nghiệm & Datacenter",
        "content": "",
        "uptime": "99.99%",
        "uptime_icon": "",
        "support": "24\/7\/365",
        "support_icon": "",
        "performance": "Ultra NVMe",
        "performance_icon": "",
        "section_title": [
            "Hạ tầng mạng Tiêu chuẩn Công nghiệp",
            "Tối ưu hóa cho Trải nghiệm Game Thuần túy",
            "Kích hoạt Tức thì - Hỗ trợ Tận tâm"
        ],
        "section_content": [
            "<p>G-Server vận hành trên nền tảng phần cứng mạnh mẽ với các thiết bị định tuyến từ <strong>Cisco<\/strong>, đảm bảo khả năng xử lý hàng triệu gói tin mỗi giây. Hệ thống của chúng tôi được tối ưu hóa cho các giao thức VPN (Site-to-Site, Teleworker) và định tuyến thông minh để giảm thiểu tối đa độ trễ (latency).<\/p><ul><li><strong>Chống DDoS đa tầng:<\/strong> Lọc traffic độc hại ngay tại cửa ngõ hạ tầng.<\/li><li><strong>Băng thông không giới hạn:<\/strong> Đảm bảo đường truyền luôn thông suốt kể cả trong giờ cao điểm.<\/li><\/ul>",
            "<p>Chúng tôi hiểu rằng những thay đổi về cơ chế server có thể làm hỏng các cỗ máy redstone phức tạp hay các hệ thống farm trong Minecraft. Tại G-Server, chúng tôi cam kết:<\/p><ul><li><strong>Giữ nguyên cơ chế Vanilla:<\/strong> Không can thiệp vào hành vi của Piston, Villager hay tốc độ Tick-rate của server.<\/li><li><strong>Hỗ trợ đa nền tảng:<\/strong> Dễ dàng triển khai các bản Modpack nặng như RLCraft, SkyFactory hay các Script Roleplay chuyên sâu cho GTA V mà không gặp rào cản kỹ thuật.<\/li><\/ul>",
            "<p>Thời gian của bạn là vàng. Hệ thống quản trị của G-Server cho phép khách hàng khởi tạo dịch vụ chỉ trong vài giây sau khi thanh toán thành công.<\/p><p>Đội ngũ hỗ trợ của chúng tôi bao gồm những kỹ thuật viên am hiểu sâu về quản trị hệ thống và phát triển game, sẵn sàng giúp bạn giải quyết các vấn đề từ cấu hình IP Route đến cài đặt Plugin\/Modpack phức tạp 24\/7.<\/p>"
        ],
        "years_active": "5 Năm",
        "founded_year": "2021",
        "partners_name": [
            "Viettel IDC",
            "Cisco Systems",
            "Cloudflare"
        ],
        "partners_url": [
            "https:\/\/viettelidc.com.vn",
            "https:\/\/www.cisco.com",
            "https:\/\/www.cloudflare.com"
        ],
        "partners_logo_text": [
            "\/uploads\/viettelidc_logo.png",
            "\/uploads\/cisco_logo.png",
            "\/uploads\/cloudflare_logo.png"
        ],
        "modpacks_name": [
            "Vanilla (Tối ưu cơ chế)",
            "RLCraft",
            "SkyFactory 4"
        ],
        "modpacks_url": [
            "#",
            "#",
            "#"
        ],
        "modpacks_logo_text": [
            "\/uploads\/vanilla_icon.png",
            "\/uploads\/rlcraft_icon.png",
            "\/uploads\/skyfactory_icon.png"
        ],
        "gallery_title": [
            ""
        ],
        "gallery_caption": [
            ""
        ],
        "cta_heading": "Sẵn sàng bắt đầu dự án của bạn cùng G-Server?",
        "cta_text": "Khởi tạo Game Server hoặc Website của bạn ngay hôm nay với các gói dịch vụ lưu trữ linh hoạt, mạnh mẽ và tiết kiệm nhất.",
        "cta_button_text": "Đăng Ký Ngay",
        "cta_button_url": "\/san-pham",
        "image_text": "img_6a049cbd0afe2.gif",
        "background_text": "img_6a049cbd0b711.gif",
        "intro_gif_text": ""
    },
    "files": {
        "partners_logo": {
            "name": [
                "",
                "",
                ""
            ],
            "size": [
                0,
                0,
                0
            ]
        },
        "modpacks_logo": {
            "name": [
                "",
                "",
                ""
            ],
            "size": [
                0,
                0,
                0
            ]
        },
        "gallery_images": {
            "name": [
                ""
            ],
            "size": [
                0
            ]
        },
        "image": {
            "name": "",
            "size": 0
        },
        "background": {
            "name": "",
            "size": 0
        },
        "intro_gif": {
            "name": "Loading GIF by ANDY.gif",
            "size": 111927
        }
    },
    "about_rows": [
        {
            "id": 1,
            "title": "G-Server",
            "subtitle": "Cung cấp giải pháp máy chủ tốc độ cao, cấu hình mạnh mẽ chuyên biệt cho Game Server và Doanh nghiệp.",
            "services_heading": null,
            "partners_heading": "Đối Tác Hạ Tầng & Công Nghệ",
            "modpacks_heading": "Hỗ Trợ Đa Dạng Modpack & Nền Tảng",
            "gallery_heading": "Hình Ảnh Trải Nghiệm & Datacenter",
            "content": "",
            "image": "img_6a049cbd0afe2.gif",
            "admin_id": 9,
            "uptime": "99.99%",
            "support": "24\/7\/365",
            "performance": "Ultra NVMe",
            "years_active": "5 Năm",
            "founded_year": 2021,
            "partners": "[{\"name\":\"Viettel IDC\",\"url\":\"https:\\\/\\\/viettelidc.com.vn\",\"logo\":\"\\\/uploads\\\/viettelidc_logo.png\"},{\"name\":\"Cisco Systems\",\"url\":\"https:\\\/\\\/www.cisco.com\",\"logo\":\"\\\/uploads\\\/cisco_logo.png\"},{\"name\":\"Cloudflare\",\"url\":\"https:\\\/\\\/www.cloudflare.com\",\"logo\":\"\\\/uploads\\\/cloudflare_logo.png\"}]",
            "modpacks": "[{\"name\":\"Vanilla (Tối ưu cơ chế)\",\"url\":\"#\",\"logo\":\"\\\/uploads\\\/vanilla_icon.png\"},{\"name\":\"RLCraft\",\"url\":\"#\",\"logo\":\"\\\/uploads\\\/rlcraft_icon.png\"},{\"name\":\"SkyFactory 4\",\"url\":\"#\",\"logo\":\"\\\/uploads\\\/skyfactory_icon.png\"}]",
            "gallery": null,
            "services": null,
            "sections": "[{\"title\":\"Hạ tầng mạng Tiêu chuẩn Công nghiệp\",\"content\":\"<p>G-Server vận hành trên nền tảng phần cứng mạnh mẽ với các thiết bị định tuyến từ <strong>Cisco<\\\/strong>, đảm bảo khả năng xử lý hàng triệu gói tin mỗi giây. Hệ thống của chúng tôi được tối ưu hóa cho các giao thức VPN (Site-to-Site, Teleworker) và định tuyến thông minh để giảm thiểu tối đa độ trễ (latency).<\\\/p><ul><li><strong>Chống DDoS đa tầng:<\\\/strong> Lọc traffic độc hại ngay tại cửa ngõ hạ tầng.<\\\/li><li><strong>Băng thông không giới hạn:<\\\/strong> Đảm bảo đường truyền luôn thông suốt kể cả trong giờ cao điểm.<\\\/li><\\\/ul>\"},{\"title\":\"Tối ưu hóa cho Trải nghiệm Game Thuần túy\",\"content\":\"<p>Chúng tôi hiểu rằng những thay đổi về cơ chế server có thể làm hỏng các cỗ máy redstone phức tạp hay các hệ thống farm trong Minecraft. Tại G-Server, chúng tôi cam kết:<\\\/p><ul><li><strong>Giữ nguyên cơ chế Vanilla:<\\\/strong> Không can thiệp vào hành vi của Piston, Villager hay tốc độ Tick-rate của server.<\\\/li><li><strong>Hỗ trợ đa nền tảng:<\\\/strong> Dễ dàng triển khai các bản Modpack nặng như RLCraft, SkyFactory hay các Script Roleplay chuyên sâu cho GTA V mà không gặp rào cản kỹ thuật.<\\\/li><\\\/ul>\"},{\"title\":\"Kích hoạt Tức thì - Hỗ trợ Tận tâm\",\"content\":\"<p>Thời gian của bạn là vàng. Hệ thống quản trị của G-Server cho phép khách hàng khởi tạo dịch vụ chỉ trong vài giây sau khi thanh toán thành công.<\\\/p><p>Đội ngũ hỗ trợ của chúng tôi bao gồm những kỹ thuật viên am hiểu sâu về quản trị hệ thống và phát triển game, sẵn sàng giúp bạn giải quyết các vấn đề từ cấu hình IP Route đến cài đặt Plugin\\\/Modpack phức tạp 24\\\/7.<\\\/p>\"}]",
            "cta_heading": "Sẵn sàng bắt đầu dự án của bạn cùng G-Server?",
            "cta_text": "Khởi tạo Game Server hoặc Website của bạn ngay hôm nay với các gói dịch vụ lưu trữ linh hoạt, mạnh mẽ và tiết kiệm nhất.",
            "cta_button_text": "Đăng Ký Ngay",
            "cta_button_url": "\/san-pham",
            "updated_at": "2026-05-13 22:46:05",
            "background": "img_6a049cbd0b711.gif",
            "intro_gif": null,
            "intro_duration": "0.00"
        }
    ]
}
---
{
    "time": "2026-05-13T17:48:54+02:00",
    "payload": {
        "id": 1,
        "title": "G-Server",
        "subtitle": "Cung cấp giải pháp máy chủ tốc độ cao, cấu hình mạnh mẽ chuyên biệt cho Game Server và Doanh nghiệp.",
        "content": "",
        "image": "img_6a049cbd0afe2.gif",
        "background": "img_6a049cbd0b711.gif",
        "intro_gif": "img_6a049d663be5a.gif",
        "intro_duration": 5,
        "admin_id": 9,
        "uptime": "99.99%",
        "support": "24\/7\/365",
        "performance": "Ultra NVMe",
        "years_active": "5 Năm",
        "founded_year": 2021,
        "partners": "[{\"name\":\"Viettel IDC\",\"url\":\"https:\\\/\\\/viettelidc.com.vn\",\"logo\":\"\\\/uploads\\\/viettelidc_logo.png\"},{\"name\":\"Cisco Systems\",\"url\":\"https:\\\/\\\/www.cisco.com\",\"logo\":\"\\\/uploads\\\/cisco_logo.png\"},{\"name\":\"Cloudflare\",\"url\":\"https:\\\/\\\/www.cloudflare.com\",\"logo\":\"\\\/uploads\\\/cloudflare_logo.png\"}]",
        "modpacks": "[{\"name\":\"Vanilla (Tối ưu cơ chế)\",\"url\":\"#\",\"logo\":\"\\\/uploads\\\/vanilla_icon.png\"},{\"name\":\"RLCraft\",\"url\":\"#\",\"logo\":\"\\\/uploads\\\/rlcraft_icon.png\"},{\"name\":\"SkyFactory 4\",\"url\":\"#\",\"logo\":\"\\\/uploads\\\/skyfactory_icon.png\"}]",
        "gallery": null,
        "sections": "[{\"title\":\"Hạ tầng mạng Tiêu chuẩn Công nghiệp\",\"content\":\"<p>G-Server vận hành trên nền tảng phần cứng mạnh mẽ với các thiết bị định tuyến từ <strong>Cisco<\\\/strong>, đảm bảo khả năng xử lý hàng triệu gói tin mỗi giây. Hệ thống của chúng tôi được tối ưu hóa cho các giao thức VPN (Site-to-Site, Teleworker) và định tuyến thông minh để giảm thiểu tối đa độ trễ (latency).<\\\/p><ul><li><strong>Chống DDoS đa tầng:<\\\/strong> Lọc traffic độc hại ngay tại cửa ngõ hạ tầng.<\\\/li><li><strong>Băng thông không giới hạn:<\\\/strong> Đảm bảo đường truyền luôn thông suốt kể cả trong giờ cao điểm.<\\\/li><\\\/ul>\"},{\"title\":\"Tối ưu hóa cho Trải nghiệm Game Thuần túy\",\"content\":\"<p>Chúng tôi hiểu rằng những thay đổi về cơ chế server có thể làm hỏng các cỗ máy redstone phức tạp hay các hệ thống farm trong Minecraft. Tại G-Server, chúng tôi cam kết:<\\\/p><ul><li><strong>Giữ nguyên cơ chế Vanilla:<\\\/strong> Không can thiệp vào hành vi của Piston, Villager hay tốc độ Tick-rate của server.<\\\/li><li><strong>Hỗ trợ đa nền tảng:<\\\/strong> Dễ dàng triển khai các bản Modpack nặng như RLCraft, SkyFactory hay các Script Roleplay chuyên sâu cho GTA V mà không gặp rào cản kỹ thuật.<\\\/li><\\\/ul>\"},{\"title\":\"Kích hoạt Tức thì - Hỗ trợ Tận tâm\",\"content\":\"<p>Thời gian của bạn là vàng. Hệ thống quản trị của G-Server cho phép khách hàng khởi tạo dịch vụ chỉ trong vài giây sau khi thanh toán thành công.<\\\/p><p>Đội ngũ hỗ trợ của chúng tôi bao gồm những kỹ thuật viên am hiểu sâu về quản trị hệ thống và phát triển game, sẵn sàng giúp bạn giải quyết các vấn đề từ cấu hình IP Route đến cài đặt Plugin\\\/Modpack phức tạp 24\\\/7.<\\\/p>\"}]",
        "partners_heading": "Đối Tác Hạ Tầng & Công Nghệ",
        "modpacks_heading": "Hỗ Trợ Đa Dạng Modpack & Nền Tảng",
        "gallery_heading": "Hình Ảnh Trải Nghiệm & Datacenter",
        "cta_heading": "Sẵn sàng bắt đầu dự án của bạn cùng G-Server?",
        "cta_text": "Khởi tạo Game Server hoặc Website của bạn ngay hôm nay với các gói dịch vụ lưu trữ linh hoạt, mạnh mẽ và tiết kiệm nhất.",
        "cta_button_text": "Đăng Ký Ngay",
        "cta_button_url": "\/san-pham",
        "uptime_icon": "",
        "support_icon": "",
        "performance_icon": ""
    },
    "saved": {
        "id": 1,
        "title": "G-Server",
        "subtitle": "Cung cấp giải pháp máy chủ tốc độ cao, cấu hình mạnh mẽ chuyên biệt cho Game Server và Doanh nghiệp.",
        "services_heading": null,
        "partners_heading": "Đối Tác Hạ Tầng & Công Nghệ",
        "modpacks_heading": "Hỗ Trợ Đa Dạng Modpack & Nền Tảng",
        "gallery_heading": "Hình Ảnh Trải Nghiệm & Datacenter",
        "content": "",
        "image": "img_6a049cbd0afe2.gif",
        "admin_id": 9,
        "uptime": "99.99%",
        "support": "24\/7\/365",
        "performance": "Ultra NVMe",
        "years_active": "5 Năm",
        "founded_year": 2021,
        "partners": "[{\"name\":\"Viettel IDC\",\"url\":\"https:\\\/\\\/viettelidc.com.vn\",\"logo\":\"\\\/uploads\\\/viettelidc_logo.png\"},{\"name\":\"Cisco Systems\",\"url\":\"https:\\\/\\\/www.cisco.com\",\"logo\":\"\\\/uploads\\\/cisco_logo.png\"},{\"name\":\"Cloudflare\",\"url\":\"https:\\\/\\\/www.cloudflare.com\",\"logo\":\"\\\/uploads\\\/cloudflare_logo.png\"}]",
        "modpacks": "[{\"name\":\"Vanilla (Tối ưu cơ chế)\",\"url\":\"#\",\"logo\":\"\\\/uploads\\\/vanilla_icon.png\"},{\"name\":\"RLCraft\",\"url\":\"#\",\"logo\":\"\\\/uploads\\\/rlcraft_icon.png\"},{\"name\":\"SkyFactory 4\",\"url\":\"#\",\"logo\":\"\\\/uploads\\\/skyfactory_icon.png\"}]",
        "gallery": null,
        "services": null,
        "sections": "[{\"title\":\"Hạ tầng mạng Tiêu chuẩn Công nghiệp\",\"content\":\"<p>G-Server vận hành trên nền tảng phần cứng mạnh mẽ với các thiết bị định tuyến từ <strong>Cisco<\\\/strong>, đảm bảo khả năng xử lý hàng triệu gói tin mỗi giây. Hệ thống của chúng tôi được tối ưu hóa cho các giao thức VPN (Site-to-Site, Teleworker) và định tuyến thông minh để giảm thiểu tối đa độ trễ (latency).<\\\/p><ul><li><strong>Chống DDoS đa tầng:<\\\/strong> Lọc traffic độc hại ngay tại cửa ngõ hạ tầng.<\\\/li><li><strong>Băng thông không giới hạn:<\\\/strong> Đảm bảo đường truyền luôn thông suốt kể cả trong giờ cao điểm.<\\\/li><\\\/ul>\"},{\"title\":\"Tối ưu hóa cho Trải nghiệm Game Thuần túy\",\"content\":\"<p>Chúng tôi hiểu rằng những thay đổi về cơ chế server có thể làm hỏng các cỗ máy redstone phức tạp hay các hệ thống farm trong Minecraft. Tại G-Server, chúng tôi cam kết:<\\\/p><ul><li><strong>Giữ nguyên cơ chế Vanilla:<\\\/strong> Không can thiệp vào hành vi của Piston, Villager hay tốc độ Tick-rate của server.<\\\/li><li><strong>Hỗ trợ đa nền tảng:<\\\/strong> Dễ dàng triển khai các bản Modpack nặng như RLCraft, SkyFactory hay các Script Roleplay chuyên sâu cho GTA V mà không gặp rào cản kỹ thuật.<\\\/li><\\\/ul>\"},{\"title\":\"Kích hoạt Tức thì - Hỗ trợ Tận tâm\",\"content\":\"<p>Thời gian của bạn là vàng. Hệ thống quản trị của G-Server cho phép khách hàng khởi tạo dịch vụ chỉ trong vài giây sau khi thanh toán thành công.<\\\/p><p>Đội ngũ hỗ trợ của chúng tôi bao gồm những kỹ thuật viên am hiểu sâu về quản trị hệ thống và phát triển game, sẵn sàng giúp bạn giải quyết các vấn đề từ cấu hình IP Route đến cài đặt Plugin\\\/Modpack phức tạp 24\\\/7.<\\\/p>\"}]",
        "cta_heading": "Sẵn sàng bắt đầu dự án của bạn cùng G-Server?",
        "cta_text": "Khởi tạo Game Server hoặc Website của bạn ngay hôm nay với các gói dịch vụ lưu trữ linh hoạt, mạnh mẽ và tiết kiệm nhất.",
        "cta_button_text": "Đăng Ký Ngay",
        "cta_button_url": "\/san-pham",
        "updated_at": "2026-05-13 22:48:54",
        "background": "img_6a049cbd0b711.gif",
        "intro_gif": "img_6a049d663be5a.gif",
        "intro_duration": "5.00"
    },
    "note": "non-ajax flow"
}
---
{
    "time": "2026-05-13T19:00:27+02:00",
    "post": {
        "id": "1",
        "csrf_token": "66cac890dfe8998feb0c11d0cb5368dd678b28c9e94f7ee3132fe00e1692e433",
        "title": "G-Server",
        "subtitle": "Cung cấp giải pháp máy chủ tốc độ cao, cấu hình mạnh mẽ chuyên biệt cho Game Server và Doanh nghiệp.",
        "intro_duration": "5.00",
        "partners_heading": "Đối Tác Hạ Tầng & Công Nghệ",
        "modpacks_heading": "Hỗ Trợ Đa Dạng Modpack & Nền Tảng",
        "gallery_heading": "Hình Ảnh Trải Nghiệm & Datacenter",
        "content": "",
        "uptime": "99.99%",
        "uptime_icon": "",
        "support": "24\/7\/365",
        "support_icon": "",
        "performance": "Ultra NVMe",
        "performance_icon": "",
        "section_title": [
            "Hạ tầng mạng Tiêu chuẩn Công nghiệp",
            "Tối ưu hóa cho Trải nghiệm Game Thuần túy",
            "Kích hoạt Tức thì - Hỗ trợ Tận tâm"
        ],
        "section_content": [
            "<p>G-Server vận hành trên nền tảng phần cứng mạnh mẽ với các thiết bị định tuyến từ <strong>Cisco<\/strong>, đảm bảo khả năng xử lý hàng triệu gói tin mỗi giây. Hệ thống của chúng tôi được tối ưu hóa cho các giao thức VPN (Site-to-Site, Teleworker) và định tuyến thông minh để giảm thiểu tối đa độ trễ (latency).<\/p><ul><li><strong>Chống DDoS đa tầng:<\/strong> Lọc traffic độc hại ngay tại cửa ngõ hạ tầng.<\/li><li><strong>Băng thông không giới hạn:<\/strong> Đảm bảo đường truyền luôn thông suốt kể cả trong giờ cao điểm.<\/li><\/ul>",
            "<p>Chúng tôi hiểu rằng những thay đổi về cơ chế server có thể làm hỏng các cỗ máy redstone phức tạp hay các hệ thống farm trong Minecraft. Tại G-Server, chúng tôi cam kết:<\/p><ul><li><strong>Giữ nguyên cơ chế Vanilla:<\/strong> Không can thiệp vào hành vi của Piston, Villager hay tốc độ Tick-rate của server.<\/li><li><strong>Hỗ trợ đa nền tảng:<\/strong> Dễ dàng triển khai các bản Modpack nặng như RLCraft, SkyFactory hay các Script Roleplay chuyên sâu cho GTA V mà không gặp rào cản kỹ thuật.<\/li><\/ul>",
            "<p>Thời gian của bạn là vàng. Hệ thống quản trị của G-Server cho phép khách hàng khởi tạo dịch vụ chỉ trong vài giây sau khi thanh toán thành công.<\/p><p>Đội ngũ hỗ trợ của chúng tôi bao gồm những kỹ thuật viên am hiểu sâu về quản trị hệ thống và phát triển game, sẵn sàng giúp bạn giải quyết các vấn đề từ cấu hình IP Route đến cài đặt Plugin\/Modpack phức tạp 24\/7.<\/p>"
        ],
        "years_active": "5 Năm",
        "founded_year": "2021",
        "partners_name": [
            "Viettel IDC",
            "Cisco Systems",
            "Cloudflare"
        ],
        "partners_url": [
            "https:\/\/viettelidc.com.vn",
            "https:\/\/www.cisco.com",
            "https:\/\/www.cloudflare.com"
        ],
        "partners_logo_text": [
            "\/uploads\/viettelidc_logo.png",
            "\/uploads\/cisco_logo.png",
            "\/uploads\/cloudflare_logo.png"
        ],
        "modpacks_name": [
            "Vanilla (Tối ưu cơ chế)",
            "RLCraft",
            "SkyFactory 4"
        ],
        "modpacks_url": [
            "#",
            "#",
            "#"
        ],
        "modpacks_logo_text": [
            "\/uploads\/vanilla_icon.png",
            "\/uploads\/rlcraft_icon.png",
            "\/uploads\/skyfactory_icon.png"
        ],
        "gallery_title": [
            ""
        ],
        "gallery_caption": [
            ""
        ],
        "cta_heading": "Sẵn sàng bắt đầu dự án của bạn cùng G-Server?",
        "cta_text": "Khởi tạo Game Server hoặc Website của bạn ngay hôm nay với các gói dịch vụ lưu trữ linh hoạt, mạnh mẽ và tiết kiệm nhất.",
        "cta_button_text": "Đăng Ký Ngay",
        "cta_button_url": "\/san-pham",
        "image_text": "img_6a049cbd0afe2.gif",
        "background_text": "img_6a049cbd0b711.gif",
        "intro_gif_text": "img_6a049d663be5a.gif"
    },
    "files": {
        "partners_logo": {
            "name": [
                "",
                "",
                ""
            ],
            "size": [
                0,
                0,
                0
            ]
        },
        "modpacks_logo": {
            "name": [
                "",
                "",
                ""
            ],
            "size": [
                0,
                0,
                0
            ]
        },
        "gallery_images": {
            "name": [
                ""
            ],
            "size": [
                0
            ]
        },
        "image": {
            "name": "",
            "size": 0
        },
        "background": {
            "name": "",
            "size": 0
        },
        "intro_gif": {
            "name": "",
            "size": 0
        }
    },
    "about_rows": [
        {
            "id": 1,
            "title": "G-Server",
            "subtitle": "Cung cấp giải pháp máy chủ tốc độ cao, cấu hình mạnh mẽ chuyên biệt cho Game Server và Doanh nghiệp.",
            "services_heading": null,
            "partners_heading": "Đối Tác Hạ Tầng & Công Nghệ",
            "modpacks_heading": "Hỗ Trợ Đa Dạng Modpack & Nền Tảng",
            "gallery_heading": "Hình Ảnh Trải Nghiệm & Datacenter",
            "content": "",
            "image": "img_6a049cbd0afe2.gif",
            "admin_id": 9,
            "uptime": "99.99%",
            "support": "24\/7\/365",
            "performance": "Ultra NVMe",
            "years_active": "5 Năm",
            "founded_year": 2021,
            "partners": "[{\"name\":\"Viettel IDC\",\"url\":\"https:\\\/\\\/viettelidc.com.vn\",\"logo\":\"\\\/uploads\\\/viettelidc_logo.png\"},{\"name\":\"Cisco Systems\",\"url\":\"https:\\\/\\\/www.cisco.com\",\"logo\":\"\\\/uploads\\\/cisco_logo.png\"},{\"name\":\"Cloudflare\",\"url\":\"https:\\\/\\\/www.cloudflare.com\",\"logo\":\"\\\/uploads\\\/cloudflare_logo.png\"}]",
            "modpacks": "[{\"name\":\"Vanilla (Tối ưu cơ chế)\",\"url\":\"#\",\"logo\":\"\\\/uploads\\\/vanilla_icon.png\"},{\"name\":\"RLCraft\",\"url\":\"#\",\"logo\":\"\\\/uploads\\\/rlcraft_icon.png\"},{\"name\":\"SkyFactory 4\",\"url\":\"#\",\"logo\":\"\\\/uploads\\\/skyfactory_icon.png\"}]",
            "gallery": null,
            "services": null,
            "sections": "[{\"title\":\"Hạ tầng mạng Tiêu chuẩn Công nghiệp\",\"content\":\"<p>G-Server vận hành trên nền tảng phần cứng mạnh mẽ với các thiết bị định tuyến từ <strong>Cisco<\\\/strong>, đảm bảo khả năng xử lý hàng triệu gói tin mỗi giây. Hệ thống của chúng tôi được tối ưu hóa cho các giao thức VPN (Site-to-Site, Teleworker) và định tuyến thông minh để giảm thiểu tối đa độ trễ (latency).<\\\/p><ul><li><strong>Chống DDoS đa tầng:<\\\/strong> Lọc traffic độc hại ngay tại cửa ngõ hạ tầng.<\\\/li><li><strong>Băng thông không giới hạn:<\\\/strong> Đảm bảo đường truyền luôn thông suốt kể cả trong giờ cao điểm.<\\\/li><\\\/ul>\"},{\"title\":\"Tối ưu hóa cho Trải nghiệm Game Thuần túy\",\"content\":\"<p>Chúng tôi hiểu rằng những thay đổi về cơ chế server có thể làm hỏng các cỗ máy redstone phức tạp hay các hệ thống farm trong Minecraft. Tại G-Server, chúng tôi cam kết:<\\\/p><ul><li><strong>Giữ nguyên cơ chế Vanilla:<\\\/strong> Không can thiệp vào hành vi của Piston, Villager hay tốc độ Tick-rate của server.<\\\/li><li><strong>Hỗ trợ đa nền tảng:<\\\/strong> Dễ dàng triển khai các bản Modpack nặng như RLCraft, SkyFactory hay các Script Roleplay chuyên sâu cho GTA V mà không gặp rào cản kỹ thuật.<\\\/li><\\\/ul>\"},{\"title\":\"Kích hoạt Tức thì - Hỗ trợ Tận tâm\",\"content\":\"<p>Thời gian của bạn là vàng. Hệ thống quản trị của G-Server cho phép khách hàng khởi tạo dịch vụ chỉ trong vài giây sau khi thanh toán thành công.<\\\/p><p>Đội ngũ hỗ trợ của chúng tôi bao gồm những kỹ thuật viên am hiểu sâu về quản trị hệ thống và phát triển game, sẵn sàng giúp bạn giải quyết các vấn đề từ cấu hình IP Route đến cài đặt Plugin\\\/Modpack phức tạp 24\\\/7.<\\\/p>\"}]",
            "cta_heading": "Sẵn sàng bắt đầu dự án của bạn cùng G-Server?",
            "cta_text": "Khởi tạo Game Server hoặc Website của bạn ngay hôm nay với các gói dịch vụ lưu trữ linh hoạt, mạnh mẽ và tiết kiệm nhất.",
            "cta_button_text": "Đăng Ký Ngay",
            "cta_button_url": "\/san-pham",
            "updated_at": "2026-05-13 22:48:54",
            "background": "img_6a049cbd0b711.gif",
            "intro_gif": "img_6a049d663be5a.gif",
            "intro_duration": "5.00"
        }
    ]
}
---
{
    "time": "2026-05-13T19:00:27+02:00",
    "payload": {
        "id": 1,
        "title": "G-Server",
        "subtitle": "Cung cấp giải pháp máy chủ tốc độ cao, cấu hình mạnh mẽ chuyên biệt cho Game Server và Doanh nghiệp.",
        "content": "",
        "image": "img_6a049cbd0afe2.gif",
        "background": "img_6a049cbd0b711.gif",
        "intro_gif": "img_6a049d663be5a.gif",
        "intro_duration": 5,
        "admin_id": 9,
        "uptime": "99.99%",
        "support": "24\/7\/365",
        "performance": "Ultra NVMe",
        "years_active": "5 Năm",
        "founded_year": 2021,
        "partners": "[{\"name\":\"Viettel IDC\",\"url\":\"https:\\\/\\\/viettelidc.com.vn\",\"logo\":\"\\\/uploads\\\/viettelidc_logo.png\"},{\"name\":\"Cisco Systems\",\"url\":\"https:\\\/\\\/www.cisco.com\",\"logo\":\"\\\/uploads\\\/cisco_logo.png\"},{\"name\":\"Cloudflare\",\"url\":\"https:\\\/\\\/www.cloudflare.com\",\"logo\":\"\\\/uploads\\\/cloudflare_logo.png\"}]",
        "modpacks": "[{\"name\":\"Vanilla (Tối ưu cơ chế)\",\"url\":\"#\",\"logo\":\"\\\/uploads\\\/vanilla_icon.png\"},{\"name\":\"RLCraft\",\"url\":\"#\",\"logo\":\"\\\/uploads\\\/rlcraft_icon.png\"},{\"name\":\"SkyFactory 4\",\"url\":\"#\",\"logo\":\"\\\/uploads\\\/skyfactory_icon.png\"}]",
        "gallery": null,
        "sections": "[{\"title\":\"Hạ tầng mạng Tiêu chuẩn Công nghiệp\",\"content\":\"<p>G-Server vận hành trên nền tảng phần cứng mạnh mẽ với các thiết bị định tuyến từ <strong>Cisco<\\\/strong>, đảm bảo khả năng xử lý hàng triệu gói tin mỗi giây. Hệ thống của chúng tôi được tối ưu hóa cho các giao thức VPN (Site-to-Site, Teleworker) và định tuyến thông minh để giảm thiểu tối đa độ trễ (latency).<\\\/p><ul><li><strong>Chống DDoS đa tầng:<\\\/strong> Lọc traffic độc hại ngay tại cửa ngõ hạ tầng.<\\\/li><li><strong>Băng thông không giới hạn:<\\\/strong> Đảm bảo đường truyền luôn thông suốt kể cả trong giờ cao điểm.<\\\/li><\\\/ul>\"},{\"title\":\"Tối ưu hóa cho Trải nghiệm Game Thuần túy\",\"content\":\"<p>Chúng tôi hiểu rằng những thay đổi về cơ chế server có thể làm hỏng các cỗ máy redstone phức tạp hay các hệ thống farm trong Minecraft. Tại G-Server, chúng tôi cam kết:<\\\/p><ul><li><strong>Giữ nguyên cơ chế Vanilla:<\\\/strong> Không can thiệp vào hành vi của Piston, Villager hay tốc độ Tick-rate của server.<\\\/li><li><strong>Hỗ trợ đa nền tảng:<\\\/strong> Dễ dàng triển khai các bản Modpack nặng như RLCraft, SkyFactory hay các Script Roleplay chuyên sâu cho GTA V mà không gặp rào cản kỹ thuật.<\\\/li><\\\/ul>\"},{\"title\":\"Kích hoạt Tức thì - Hỗ trợ Tận tâm\",\"content\":\"<p>Thời gian của bạn là vàng. Hệ thống quản trị của G-Server cho phép khách hàng khởi tạo dịch vụ chỉ trong vài giây sau khi thanh toán thành công.<\\\/p><p>Đội ngũ hỗ trợ của chúng tôi bao gồm những kỹ thuật viên am hiểu sâu về quản trị hệ thống và phát triển game, sẵn sàng giúp bạn giải quyết các vấn đề từ cấu hình IP Route đến cài đặt Plugin\\\/Modpack phức tạp 24\\\/7.<\\\/p>\"}]",
        "partners_heading": "Đối Tác Hạ Tầng & Công Nghệ",
        "modpacks_heading": "Hỗ Trợ Đa Dạng Modpack & Nền Tảng",
        "gallery_heading": "Hình Ảnh Trải Nghiệm & Datacenter",
        "cta_heading": "Sẵn sàng bắt đầu dự án của bạn cùng G-Server?",
        "cta_text": "Khởi tạo Game Server hoặc Website của bạn ngay hôm nay với các gói dịch vụ lưu trữ linh hoạt, mạnh mẽ và tiết kiệm nhất.",
        "cta_button_text": "Đăng Ký Ngay",
        "cta_button_url": "\/san-pham",
        "uptime_icon": "",
        "support_icon": "",
        "performance_icon": ""
    },
    "saved": {
        "id": 1,
        "title": "G-Server",
        "subtitle": "Cung cấp giải pháp máy chủ tốc độ cao, cấu hình mạnh mẽ chuyên biệt cho Game Server và Doanh nghiệp.",
        "services_heading": null,
        "partners_heading": "Đối Tác Hạ Tầng & Công Nghệ",
        "modpacks_heading": "Hỗ Trợ Đa Dạng Modpack & Nền Tảng",
        "gallery_heading": "Hình Ảnh Trải Nghiệm & Datacenter",
        "content": "",
        "image": "img_6a049cbd0afe2.gif",
        "admin_id": 9,
        "uptime": "99.99%",
        "support": "24\/7\/365",
        "performance": "Ultra NVMe",
        "years_active": "5 Năm",
        "founded_year": 2021,
        "partners": "[{\"name\":\"Viettel IDC\",\"url\":\"https:\\\/\\\/viettelidc.com.vn\",\"logo\":\"\\\/uploads\\\/viettelidc_logo.png\"},{\"name\":\"Cisco Systems\",\"url\":\"https:\\\/\\\/www.cisco.com\",\"logo\":\"\\\/uploads\\\/cisco_logo.png\"},{\"name\":\"Cloudflare\",\"url\":\"https:\\\/\\\/www.cloudflare.com\",\"logo\":\"\\\/uploads\\\/cloudflare_logo.png\"}]",
        "modpacks": "[{\"name\":\"Vanilla (Tối ưu cơ chế)\",\"url\":\"#\",\"logo\":\"\\\/uploads\\\/vanilla_icon.png\"},{\"name\":\"RLCraft\",\"url\":\"#\",\"logo\":\"\\\/uploads\\\/rlcraft_icon.png\"},{\"name\":\"SkyFactory 4\",\"url\":\"#\",\"logo\":\"\\\/uploads\\\/skyfactory_icon.png\"}]",
        "gallery": null,
        "services": null,
        "sections": "[{\"title\":\"Hạ tầng mạng Tiêu chuẩn Công nghiệp\",\"content\":\"<p>G-Server vận hành trên nền tảng phần cứng mạnh mẽ với các thiết bị định tuyến từ <strong>Cisco<\\\/strong>, đảm bảo khả năng xử lý hàng triệu gói tin mỗi giây. Hệ thống của chúng tôi được tối ưu hóa cho các giao thức VPN (Site-to-Site, Teleworker) và định tuyến thông minh để giảm thiểu tối đa độ trễ (latency).<\\\/p><ul><li><strong>Chống DDoS đa tầng:<\\\/strong> Lọc traffic độc hại ngay tại cửa ngõ hạ tầng.<\\\/li><li><strong>Băng thông không giới hạn:<\\\/strong> Đảm bảo đường truyền luôn thông suốt kể cả trong giờ cao điểm.<\\\/li><\\\/ul>\"},{\"title\":\"Tối ưu hóa cho Trải nghiệm Game Thuần túy\",\"content\":\"<p>Chúng tôi hiểu rằng những thay đổi về cơ chế server có thể làm hỏng các cỗ máy redstone phức tạp hay các hệ thống farm trong Minecraft. Tại G-Server, chúng tôi cam kết:<\\\/p><ul><li><strong>Giữ nguyên cơ chế Vanilla:<\\\/strong> Không can thiệp vào hành vi của Piston, Villager hay tốc độ Tick-rate của server.<\\\/li><li><strong>Hỗ trợ đa nền tảng:<\\\/strong> Dễ dàng triển khai các bản Modpack nặng như RLCraft, SkyFactory hay các Script Roleplay chuyên sâu cho GTA V mà không gặp rào cản kỹ thuật.<\\\/li><\\\/ul>\"},{\"title\":\"Kích hoạt Tức thì - Hỗ trợ Tận tâm\",\"content\":\"<p>Thời gian của bạn là vàng. Hệ thống quản trị của G-Server cho phép khách hàng khởi tạo dịch vụ chỉ trong vài giây sau khi thanh toán thành công.<\\\/p><p>Đội ngũ hỗ trợ của chúng tôi bao gồm những kỹ thuật viên am hiểu sâu về quản trị hệ thống và phát triển game, sẵn sàng giúp bạn giải quyết các vấn đề từ cấu hình IP Route đến cài đặt Plugin\\\/Modpack phức tạp 24\\\/7.<\\\/p>\"}]",
        "cta_heading": "Sẵn sàng bắt đầu dự án của bạn cùng G-Server?",
        "cta_text": "Khởi tạo Game Server hoặc Website của bạn ngay hôm nay với các gói dịch vụ lưu trữ linh hoạt, mạnh mẽ và tiết kiệm nhất.",
        "cta_button_text": "Đăng Ký Ngay",
        "cta_button_url": "\/san-pham",
        "updated_at": "2026-05-13 22:48:54",
        "background": "img_6a049cbd0b711.gif",
        "intro_gif": "img_6a049d663be5a.gif",
        "intro_duration": "5.00"
    },
    "note": "non-ajax flow"
}
---
{
    "time": "2026-05-13T19:29:33+02:00",
    "post": {
        "id": "1",
        "csrf_token": "794e124d8e9fafce932673038cb21a94debd572c7b8f402437534cabc3f24a91",
        "title": "G-Server",
        "subtitle": "Cung cấp giải pháp máy chủ tốc độ cao, cấu hình mạnh mẽ chuyên biệt cho Game Server và Doanh nghiệp.",
        "intro_duration": "5.00",
        "partners_heading": "Đối Tác Hạ Tầng & Công Nghệ",
        "modpacks_heading": "Hỗ Trợ Đa Dạng Modpack & Nền Tảng",
        "gallery_heading": "Hình Ảnh Trải Nghiệm & Datacenter",
        "content": "",
        "uptime": "99.99%",
        "uptime_icon": "",
        "support": "24\/7\/365",
        "support_icon": "",
        "performance": "Ultra NVMe",
        "performance_icon": "",
        "section_title": [
            "Hạ tầng mạng Tiêu chuẩn Công nghiệp",
            "Tối ưu hóa cho Trải nghiệm Game Thuần túy",
            "Kích hoạt Tức thì - Hỗ trợ Tận tâm"
        ],
        "section_content": [
            "<p>G-Server vận hành trên nền tảng phần cứng mạnh mẽ với các thiết bị định tuyến từ <strong>Cisco<\/strong>, đảm bảo khả năng xử lý hàng triệu gói tin mỗi giây. Hệ thống của chúng tôi được tối ưu hóa cho các giao thức VPN (Site-to-Site, Teleworker) và định tuyến thông minh để giảm thiểu tối đa độ trễ (latency).<\/p><ul><li><strong>Chống DDoS đa tầng:<\/strong> Lọc traffic độc hại ngay tại cửa ngõ hạ tầng.<\/li><li><strong>Băng thông không giới hạn:<\/strong> Đảm bảo đường truyền luôn thông suốt kể cả trong giờ cao điểm.<\/li><\/ul>",
            "<p>Chúng tôi hiểu rằng những thay đổi về cơ chế server có thể làm hỏng các cỗ máy redstone phức tạp hay các hệ thống farm trong Minecraft. Tại G-Server, chúng tôi cam kết:<\/p><ul><li><strong>Giữ nguyên cơ chế Vanilla:<\/strong> Không can thiệp vào hành vi của Piston, Villager hay tốc độ Tick-rate của server.<\/li><li><strong>Hỗ trợ đa nền tảng:<\/strong> Dễ dàng triển khai các bản Modpack nặng như RLCraft, SkyFactory hay các Script Roleplay chuyên sâu cho GTA V mà không gặp rào cản kỹ thuật.<\/li><\/ul>",
            "<p>Thời gian của bạn là vàng. Hệ thống quản trị của G-Server cho phép khách hàng khởi tạo dịch vụ chỉ trong vài giây sau khi thanh toán thành công.<\/p><p>Đội ngũ hỗ trợ của chúng tôi bao gồm những kỹ thuật viên am hiểu sâu về quản trị hệ thống và phát triển game, sẵn sàng giúp bạn giải quyết các vấn đề từ cấu hình IP Route đến cài đặt Plugin\/Modpack phức tạp 24\/7.<\/p>"
        ],
        "years_active": "5 Năm",
        "founded_year": "2021",
        "partners_name": [
            "Viettel IDC",
            "Cisco Systems",
            "Cloudflare"
        ],
        "partners_url": [
            "https:\/\/viettelidc.com.vn",
            "https:\/\/www.cisco.com",
            "https:\/\/www.cloudflare.com"
        ],
        "partners_logo_text": [
            "\/uploads\/viettelidc_logo.png",
            "\/uploads\/cisco_logo.png",
            "\/uploads\/cloudflare_logo.png"
        ],
        "modpacks_name": [
            "Vanilla (Tối ưu cơ chế)",
            "RLCraft",
            "SkyFactory 4"
        ],
        "modpacks_url": [
            "#",
            "#",
            "#"
        ],
        "modpacks_logo_text": [
            "\/uploads\/vanilla_icon.png",
            "\/uploads\/rlcraft_icon.png",
            "\/uploads\/skyfactory_icon.png"
        ],
        "gallery_title": [
            ""
        ],
        "gallery_caption": [
            ""
        ],
        "cta_heading": "Sẵn sàng bắt đầu dự án của bạn cùng G-Server?",
        "cta_text": "Khởi tạo Game Server hoặc Website của bạn ngay hôm nay với các gói dịch vụ lưu trữ linh hoạt, mạnh mẽ và tiết kiệm nhất.",
        "cta_button_text": "Đăng Ký Ngay",
        "cta_button_url": "\/san-pham",
        "image_text": "img_6a049cbd0afe2.gif",
        "background_text": "img_6a049cbd0b711.gif",
        "intro_gif_text": "img_6a049d663be5a.gif"
    },
    "files": {
        "partners_logo": {
            "name": [
                "",
                "",
                ""
            ],
            "size": [
                0,
                0,
                0
            ]
        },
        "modpacks_logo": {
            "name": [
                "",
                "",
                ""
            ],
            "size": [
                0,
                0,
                0
            ]
        },
        "gallery_images": {
            "name": [
                ""
            ],
            "size": [
                0
            ]
        },
        "image": {
            "name": "",
            "size": 0
        },
        "background": {
            "name": "",
            "size": 0
        },
        "intro_gif": {
            "name": "",
            "size": 0
        }
    },
    "about_rows": [
        {
            "id": 1,
            "title": "G-Server",
            "subtitle": "Cung cấp giải pháp máy chủ tốc độ cao, cấu hình mạnh mẽ chuyên biệt cho Game Server và Doanh nghiệp.",
            "services_heading": null,
            "partners_heading": "Đối Tác Hạ Tầng & Công Nghệ",
            "modpacks_heading": "Hỗ Trợ Đa Dạng Modpack & Nền Tảng",
            "gallery_heading": "Hình Ảnh Trải Nghiệm & Datacenter",
            "content": "",
            "image": "img_6a049cbd0afe2.gif",
            "admin_id": 9,
            "uptime": "99.99%",
            "support": "24\/7\/365",
            "performance": "Ultra NVMe",
            "years_active": "5 Năm",
            "founded_year": 2021,
            "partners": "[{\"name\":\"Viettel IDC\",\"url\":\"https:\\\/\\\/viettelidc.com.vn\",\"logo\":\"\\\/uploads\\\/viettelidc_logo.png\"},{\"name\":\"Cisco Systems\",\"url\":\"https:\\\/\\\/www.cisco.com\",\"logo\":\"\\\/uploads\\\/cisco_logo.png\"},{\"name\":\"Cloudflare\",\"url\":\"https:\\\/\\\/www.cloudflare.com\",\"logo\":\"\\\/uploads\\\/cloudflare_logo.png\"}]",
            "modpacks": "[{\"name\":\"Vanilla (Tối ưu cơ chế)\",\"url\":\"#\",\"logo\":\"\\\/uploads\\\/vanilla_icon.png\"},{\"name\":\"RLCraft\",\"url\":\"#\",\"logo\":\"\\\/uploads\\\/rlcraft_icon.png\"},{\"name\":\"SkyFactory 4\",\"url\":\"#\",\"logo\":\"\\\/uploads\\\/skyfactory_icon.png\"}]",
            "gallery": null,
            "services": null,
            "sections": "[{\"title\":\"Hạ tầng mạng Tiêu chuẩn Công nghiệp\",\"content\":\"<p>G-Server vận hành trên nền tảng phần cứng mạnh mẽ với các thiết bị định tuyến từ <strong>Cisco<\\\/strong>, đảm bảo khả năng xử lý hàng triệu gói tin mỗi giây. Hệ thống của chúng tôi được tối ưu hóa cho các giao thức VPN (Site-to-Site, Teleworker) và định tuyến thông minh để giảm thiểu tối đa độ trễ (latency).<\\\/p><ul><li><strong>Chống DDoS đa tầng:<\\\/strong> Lọc traffic độc hại ngay tại cửa ngõ hạ tầng.<\\\/li><li><strong>Băng thông không giới hạn:<\\\/strong> Đảm bảo đường truyền luôn thông suốt kể cả trong giờ cao điểm.<\\\/li><\\\/ul>\"},{\"title\":\"Tối ưu hóa cho Trải nghiệm Game Thuần túy\",\"content\":\"<p>Chúng tôi hiểu rằng những thay đổi về cơ chế server có thể làm hỏng các cỗ máy redstone phức tạp hay các hệ thống farm trong Minecraft. Tại G-Server, chúng tôi cam kết:<\\\/p><ul><li><strong>Giữ nguyên cơ chế Vanilla:<\\\/strong> Không can thiệp vào hành vi của Piston, Villager hay tốc độ Tick-rate của server.<\\\/li><li><strong>Hỗ trợ đa nền tảng:<\\\/strong> Dễ dàng triển khai các bản Modpack nặng như RLCraft, SkyFactory hay các Script Roleplay chuyên sâu cho GTA V mà không gặp rào cản kỹ thuật.<\\\/li><\\\/ul>\"},{\"title\":\"Kích hoạt Tức thì - Hỗ trợ Tận tâm\",\"content\":\"<p>Thời gian của bạn là vàng. Hệ thống quản trị của G-Server cho phép khách hàng khởi tạo dịch vụ chỉ trong vài giây sau khi thanh toán thành công.<\\\/p><p>Đội ngũ hỗ trợ của chúng tôi bao gồm những kỹ thuật viên am hiểu sâu về quản trị hệ thống và phát triển game, sẵn sàng giúp bạn giải quyết các vấn đề từ cấu hình IP Route đến cài đặt Plugin\\\/Modpack phức tạp 24\\\/7.<\\\/p>\"}]",
            "cta_heading": "Sẵn sàng bắt đầu dự án của bạn cùng G-Server?",
            "cta_text": "Khởi tạo Game Server hoặc Website của bạn ngay hôm nay với các gói dịch vụ lưu trữ linh hoạt, mạnh mẽ và tiết kiệm nhất.",
            "cta_button_text": "Đăng Ký Ngay",
            "cta_button_url": "\/san-pham",
            "updated_at": "2026-05-13 22:48:54",
            "background": "img_6a049cbd0b711.gif",
            "intro_gif": "img_6a049d663be5a.gif",
            "intro_duration": "5.00"
        }
    ]
}
---
{
    "time": "2026-05-13T19:29:33+02:00",
    "payload": {
        "id": 1,
        "title": "G-Server",
        "subtitle": "Cung cấp giải pháp máy chủ tốc độ cao, cấu hình mạnh mẽ chuyên biệt cho Game Server và Doanh nghiệp.",
        "content": "",
        "image": "img_6a049cbd0afe2.gif",
        "background": "img_6a049cbd0b711.gif",
        "intro_gif": "img_6a049d663be5a.gif",
        "intro_duration": 5,
        "admin_id": 9,
        "uptime": "99.99%",
        "support": "24\/7\/365",
        "performance": "Ultra NVMe",
        "years_active": "5 Năm",
        "founded_year": 2021,
        "partners": "[{\"name\":\"Viettel IDC\",\"url\":\"https:\\\/\\\/viettelidc.com.vn\",\"logo\":\"\\\/uploads\\\/viettelidc_logo.png\"},{\"name\":\"Cisco Systems\",\"url\":\"https:\\\/\\\/www.cisco.com\",\"logo\":\"\\\/uploads\\\/cisco_logo.png\"},{\"name\":\"Cloudflare\",\"url\":\"https:\\\/\\\/www.cloudflare.com\",\"logo\":\"\\\/uploads\\\/cloudflare_logo.png\"}]",
        "modpacks": "[{\"name\":\"Vanilla (Tối ưu cơ chế)\",\"url\":\"#\",\"logo\":\"\\\/uploads\\\/vanilla_icon.png\"},{\"name\":\"RLCraft\",\"url\":\"#\",\"logo\":\"\\\/uploads\\\/rlcraft_icon.png\"},{\"name\":\"SkyFactory 4\",\"url\":\"#\",\"logo\":\"\\\/uploads\\\/skyfactory_icon.png\"}]",
        "gallery": null,
        "sections": "[{\"title\":\"Hạ tầng mạng Tiêu chuẩn Công nghiệp\",\"content\":\"<p>G-Server vận hành trên nền tảng phần cứng mạnh mẽ với các thiết bị định tuyến từ <strong>Cisco<\\\/strong>, đảm bảo khả năng xử lý hàng triệu gói tin mỗi giây. Hệ thống của chúng tôi được tối ưu hóa cho các giao thức VPN (Site-to-Site, Teleworker) và định tuyến thông minh để giảm thiểu tối đa độ trễ (latency).<\\\/p><ul><li><strong>Chống DDoS đa tầng:<\\\/strong> Lọc traffic độc hại ngay tại cửa ngõ hạ tầng.<\\\/li><li><strong>Băng thông không giới hạn:<\\\/strong> Đảm bảo đường truyền luôn thông suốt kể cả trong giờ cao điểm.<\\\/li><\\\/ul>\"},{\"title\":\"Tối ưu hóa cho Trải nghiệm Game Thuần túy\",\"content\":\"<p>Chúng tôi hiểu rằng những thay đổi về cơ chế server có thể làm hỏng các cỗ máy redstone phức tạp hay các hệ thống farm trong Minecraft. Tại G-Server, chúng tôi cam kết:<\\\/p><ul><li><strong>Giữ nguyên cơ chế Vanilla:<\\\/strong> Không can thiệp vào hành vi của Piston, Villager hay tốc độ Tick-rate của server.<\\\/li><li><strong>Hỗ trợ đa nền tảng:<\\\/strong> Dễ dàng triển khai các bản Modpack nặng như RLCraft, SkyFactory hay các Script Roleplay chuyên sâu cho GTA V mà không gặp rào cản kỹ thuật.<\\\/li><\\\/ul>\"},{\"title\":\"Kích hoạt Tức thì - Hỗ trợ Tận tâm\",\"content\":\"<p>Thời gian của bạn là vàng. Hệ thống quản trị của G-Server cho phép khách hàng khởi tạo dịch vụ chỉ trong vài giây sau khi thanh toán thành công.<\\\/p><p>Đội ngũ hỗ trợ của chúng tôi bao gồm những kỹ thuật viên am hiểu sâu về quản trị hệ thống và phát triển game, sẵn sàng giúp bạn giải quyết các vấn đề từ cấu hình IP Route đến cài đặt Plugin\\\/Modpack phức tạp 24\\\/7.<\\\/p>\"}]",
        "partners_heading": "Đối Tác Hạ Tầng & Công Nghệ",
        "modpacks_heading": "Hỗ Trợ Đa Dạng Modpack & Nền Tảng",
        "gallery_heading": "Hình Ảnh Trải Nghiệm & Datacenter",
        "cta_heading": "Sẵn sàng bắt đầu dự án của bạn cùng G-Server?",
        "cta_text": "Khởi tạo Game Server hoặc Website của bạn ngay hôm nay với các gói dịch vụ lưu trữ linh hoạt, mạnh mẽ và tiết kiệm nhất.",
        "cta_button_text": "Đăng Ký Ngay",
        "cta_button_url": "\/san-pham",
        "uptime_icon": "",
        "support_icon": "",
        "performance_icon": ""
    },
    "saved": {
        "id": 1,
        "title": "G-Server",
        "subtitle": "Cung cấp giải pháp máy chủ tốc độ cao, cấu hình mạnh mẽ chuyên biệt cho Game Server và Doanh nghiệp.",
        "services_heading": null,
        "partners_heading": "Đối Tác Hạ Tầng & Công Nghệ",
        "modpacks_heading": "Hỗ Trợ Đa Dạng Modpack & Nền Tảng",
        "gallery_heading": "Hình Ảnh Trải Nghiệm & Datacenter",
        "content": "",
        "image": "img_6a049cbd0afe2.gif",
        "admin_id": 9,
        "uptime": "99.99%",
        "support": "24\/7\/365",
        "performance": "Ultra NVMe",
        "years_active": "5 Năm",
        "founded_year": 2021,
        "partners": "[{\"name\":\"Viettel IDC\",\"url\":\"https:\\\/\\\/viettelidc.com.vn\",\"logo\":\"\\\/uploads\\\/viettelidc_logo.png\"},{\"name\":\"Cisco Systems\",\"url\":\"https:\\\/\\\/www.cisco.com\",\"logo\":\"\\\/uploads\\\/cisco_logo.png\"},{\"name\":\"Cloudflare\",\"url\":\"https:\\\/\\\/www.cloudflare.com\",\"logo\":\"\\\/uploads\\\/cloudflare_logo.png\"}]",
        "modpacks": "[{\"name\":\"Vanilla (Tối ưu cơ chế)\",\"url\":\"#\",\"logo\":\"\\\/uploads\\\/vanilla_icon.png\"},{\"name\":\"RLCraft\",\"url\":\"#\",\"logo\":\"\\\/uploads\\\/rlcraft_icon.png\"},{\"name\":\"SkyFactory 4\",\"url\":\"#\",\"logo\":\"\\\/uploads\\\/skyfactory_icon.png\"}]",
        "gallery": null,
        "services": null,
        "sections": "[{\"title\":\"Hạ tầng mạng Tiêu chuẩn Công nghiệp\",\"content\":\"<p>G-Server vận hành trên nền tảng phần cứng mạnh mẽ với các thiết bị định tuyến từ <strong>Cisco<\\\/strong>, đảm bảo khả năng xử lý hàng triệu gói tin mỗi giây. Hệ thống của chúng tôi được tối ưu hóa cho các giao thức VPN (Site-to-Site, Teleworker) và định tuyến thông minh để giảm thiểu tối đa độ trễ (latency).<\\\/p><ul><li><strong>Chống DDoS đa tầng:<\\\/strong> Lọc traffic độc hại ngay tại cửa ngõ hạ tầng.<\\\/li><li><strong>Băng thông không giới hạn:<\\\/strong> Đảm bảo đường truyền luôn thông suốt kể cả trong giờ cao điểm.<\\\/li><\\\/ul>\"},{\"title\":\"Tối ưu hóa cho Trải nghiệm Game Thuần túy\",\"content\":\"<p>Chúng tôi hiểu rằng những thay đổi về cơ chế server có thể làm hỏng các cỗ máy redstone phức tạp hay các hệ thống farm trong Minecraft. Tại G-Server, chúng tôi cam kết:<\\\/p><ul><li><strong>Giữ nguyên cơ chế Vanilla:<\\\/strong> Không can thiệp vào hành vi của Piston, Villager hay tốc độ Tick-rate của server.<\\\/li><li><strong>Hỗ trợ đa nền tảng:<\\\/strong> Dễ dàng triển khai các bản Modpack nặng như RLCraft, SkyFactory hay các Script Roleplay chuyên sâu cho GTA V mà không gặp rào cản kỹ thuật.<\\\/li><\\\/ul>\"},{\"title\":\"Kích hoạt Tức thì - Hỗ trợ Tận tâm\",\"content\":\"<p>Thời gian của bạn là vàng. Hệ thống quản trị của G-Server cho phép khách hàng khởi tạo dịch vụ chỉ trong vài giây sau khi thanh toán thành công.<\\\/p><p>Đội ngũ hỗ trợ của chúng tôi bao gồm những kỹ thuật viên am hiểu sâu về quản trị hệ thống và phát triển game, sẵn sàng giúp bạn giải quyết các vấn đề từ cấu hình IP Route đến cài đặt Plugin\\\/Modpack phức tạp 24\\\/7.<\\\/p>\"}]",
        "cta_heading": "Sẵn sàng bắt đầu dự án của bạn cùng G-Server?",
        "cta_text": "Khởi tạo Game Server hoặc Website của bạn ngay hôm nay với các gói dịch vụ lưu trữ linh hoạt, mạnh mẽ và tiết kiệm nhất.",
        "cta_button_text": "Đăng Ký Ngay",
        "cta_button_url": "\/san-pham",
        "updated_at": "2026-05-13 22:48:54",
        "background": "img_6a049cbd0b711.gif",
        "intro_gif": "img_6a049d663be5a.gif",
        "intro_duration": "5.00"
    },
    "note": "non-ajax flow"
}
---
{
    "time": "2026-05-13T19:56:06+02:00",
    "post": {
        "id": "1",
        "csrf_token": "794e124d8e9fafce932673038cb21a94debd572c7b8f402437534cabc3f24a91",
        "title": "G-Server",
        "subtitle": "Cung cấp giải pháp máy chủ tốc độ cao, cấu hình mạnh mẽ chuyên biệt cho Game Server và Doanh nghiệp.",
        "intro_duration": "5.00",
        "partners_heading": "Đối Tác Hạ Tầng & Công Nghệ",
        "modpacks_heading": "Hỗ Trợ Đa Dạng Modpack & Nền Tảng",
        "gallery_heading": "Hình Ảnh Trải Nghiệm & Datacenter",
        "content": "",
        "uptime": "99.99%",
        "uptime_icon": "",
        "support": "24\/7\/365",
        "support_icon": "",
        "performance": "Ultra NVMe",
        "performance_icon": "",
        "section_title": [
            "Hạ tầng mạng Tiêu chuẩn Công nghiệp",
            "Tối ưu hóa cho Trải nghiệm Game Thuần túy",
            "Kích hoạt Tức thì - Hỗ trợ Tận tâm"
        ],
        "section_content": [
            "<p>G-Server vận hành trên nền tảng phần cứng mạnh mẽ với các thiết bị định tuyến từ <strong>Cisco<\/strong>, đảm bảo khả năng xử lý hàng triệu gói tin mỗi giây. Hệ thống của chúng tôi được tối ưu hóa cho các giao thức VPN (Site-to-Site, Teleworker) và định tuyến thông minh để giảm thiểu tối đa độ trễ (latency).<\/p><ul><li><strong>Chống DDoS đa tầng:<\/strong> Lọc traffic độc hại ngay tại cửa ngõ hạ tầng.<\/li><li><strong>Băng thông không giới hạn:<\/strong> Đảm bảo đường truyền luôn thông suốt kể cả trong giờ cao điểm.<\/li><\/ul>",
            "<p>Chúng tôi hiểu rằng những thay đổi về cơ chế server có thể làm hỏng các cỗ máy redstone phức tạp hay các hệ thống farm trong Minecraft. Tại G-Server, chúng tôi cam kết:<\/p><ul><li><strong>Giữ nguyên cơ chế Vanilla:<\/strong> Không can thiệp vào hành vi của Piston, Villager hay tốc độ Tick-rate của server.<\/li><li><strong>Hỗ trợ đa nền tảng:<\/strong> Dễ dàng triển khai các bản Modpack nặng như RLCraft, SkyFactory hay các Script Roleplay chuyên sâu cho GTA V mà không gặp rào cản kỹ thuật.<\/li><\/ul>",
            "<p>Thời gian của bạn là vàng. Hệ thống quản trị của G-Server cho phép khách hàng khởi tạo dịch vụ chỉ trong vài giây sau khi thanh toán thành công.<\/p><p>Đội ngũ hỗ trợ của chúng tôi bao gồm những kỹ thuật viên am hiểu sâu về quản trị hệ thống và phát triển game, sẵn sàng giúp bạn giải quyết các vấn đề từ cấu hình IP Route đến cài đặt Plugin\/Modpack phức tạp 24\/7.<\/p>"
        ],
        "years_active": "5 Năm",
        "founded_year": "2021",
        "partners_name": [
            "Viettel IDC",
            "Cisco Systems",
            "Cloudflare"
        ],
        "partners_url": [
            "https:\/\/viettelidc.com.vn",
            "https:\/\/www.cisco.com",
            "https:\/\/www.cloudflare.com"
        ],
        "partners_logo_text": [
            "\/uploads\/viettelidc_logo.png",
            "\/uploads\/cisco_logo.png",
            "\/uploads\/cloudflare_logo.png"
        ],
        "modpacks_name": [
            "Vanilla (Tối ưu cơ chế)",
            "RLCraft",
            "SkyFactory 4"
        ],
        "modpacks_url": [
            "#",
            "#",
            "#"
        ],
        "modpacks_logo_text": [
            "\/uploads\/vanilla_icon.png",
            "\/uploads\/rlcraft_icon.png",
            "\/uploads\/skyfactory_icon.png"
        ],
        "gallery_title": [
            ""
        ],
        "gallery_caption": [
            ""
        ],
        "cta_heading": "Sẵn sàng bắt đầu dự án của bạn cùng G-Server?",
        "cta_text": "Khởi tạo Game Server hoặc Website của bạn ngay hôm nay với các gói dịch vụ lưu trữ linh hoạt, mạnh mẽ và tiết kiệm nhất.",
        "cta_button_text": "Đăng Ký Ngay",
        "cta_button_url": "\/san-pham",
        "image_text": "img_6a049cbd0afe2.gif",
        "background_text": "img_6a049cbd0b711.gif",
        "intro_gif_text": "img_6a049d663be5a.gif"
    },
    "files": {
        "partners_logo": {
            "name": [
                "",
                "",
                ""
            ],
            "size": [
                0,
                0,
                0
            ]
        },
        "modpacks_logo": {
            "name": [
                "",
                "",
                ""
            ],
            "size": [
                0,
                0,
                0
            ]
        },
        "gallery_images": {
            "name": [
                ""
            ],
            "size": [
                0
            ]
        },
        "image": {
            "name": "",
            "size": 0
        },
        "background": {
            "name": "",
            "size": 0
        },
        "intro_gif": {
            "name": "",
            "size": 0
        }
    },
    "about_rows": [
        {
            "id": 1,
            "title": "G-Server",
            "subtitle": "Cung cấp giải pháp máy chủ tốc độ cao, cấu hình mạnh mẽ chuyên biệt cho Game Server và Doanh nghiệp.",
            "services_heading": null,
            "partners_heading": "Đối Tác Hạ Tầng & Công Nghệ",
            "modpacks_heading": "Hỗ Trợ Đa Dạng Modpack & Nền Tảng",
            "gallery_heading": "Hình Ảnh Trải Nghiệm & Datacenter",
            "content": "",
            "image": "img_6a049cbd0afe2.gif",
            "admin_id": 9,
            "uptime": "99.99%",
            "support": "24\/7\/365",
            "performance": "Ultra NVMe",
            "years_active": "5 Năm",
            "founded_year": 2021,
            "partners": "[{\"name\":\"Viettel IDC\",\"url\":\"https:\\\/\\\/viettelidc.com.vn\",\"logo\":\"\\\/uploads\\\/viettelidc_logo.png\"},{\"name\":\"Cisco Systems\",\"url\":\"https:\\\/\\\/www.cisco.com\",\"logo\":\"\\\/uploads\\\/cisco_logo.png\"},{\"name\":\"Cloudflare\",\"url\":\"https:\\\/\\\/www.cloudflare.com\",\"logo\":\"\\\/uploads\\\/cloudflare_logo.png\"}]",
            "modpacks": "[{\"name\":\"Vanilla (Tối ưu cơ chế)\",\"url\":\"#\",\"logo\":\"\\\/uploads\\\/vanilla_icon.png\"},{\"name\":\"RLCraft\",\"url\":\"#\",\"logo\":\"\\\/uploads\\\/rlcraft_icon.png\"},{\"name\":\"SkyFactory 4\",\"url\":\"#\",\"logo\":\"\\\/uploads\\\/skyfactory_icon.png\"}]",
            "gallery": null,
            "services": null,
            "sections": "[{\"title\":\"Hạ tầng mạng Tiêu chuẩn Công nghiệp\",\"content\":\"<p>G-Server vận hành trên nền tảng phần cứng mạnh mẽ với các thiết bị định tuyến từ <strong>Cisco<\\\/strong>, đảm bảo khả năng xử lý hàng triệu gói tin mỗi giây. Hệ thống của chúng tôi được tối ưu hóa cho các giao thức VPN (Site-to-Site, Teleworker) và định tuyến thông minh để giảm thiểu tối đa độ trễ (latency).<\\\/p><ul><li><strong>Chống DDoS đa tầng:<\\\/strong> Lọc traffic độc hại ngay tại cửa ngõ hạ tầng.<\\\/li><li><strong>Băng thông không giới hạn:<\\\/strong> Đảm bảo đường truyền luôn thông suốt kể cả trong giờ cao điểm.<\\\/li><\\\/ul>\"},{\"title\":\"Tối ưu hóa cho Trải nghiệm Game Thuần túy\",\"content\":\"<p>Chúng tôi hiểu rằng những thay đổi về cơ chế server có thể làm hỏng các cỗ máy redstone phức tạp hay các hệ thống farm trong Minecraft. Tại G-Server, chúng tôi cam kết:<\\\/p><ul><li><strong>Giữ nguyên cơ chế Vanilla:<\\\/strong> Không can thiệp vào hành vi của Piston, Villager hay tốc độ Tick-rate của server.<\\\/li><li><strong>Hỗ trợ đa nền tảng:<\\\/strong> Dễ dàng triển khai các bản Modpack nặng như RLCraft, SkyFactory hay các Script Roleplay chuyên sâu cho GTA V mà không gặp rào cản kỹ thuật.<\\\/li><\\\/ul>\"},{\"title\":\"Kích hoạt Tức thì - Hỗ trợ Tận tâm\",\"content\":\"<p>Thời gian của bạn là vàng. Hệ thống quản trị của G-Server cho phép khách hàng khởi tạo dịch vụ chỉ trong vài giây sau khi thanh toán thành công.<\\\/p><p>Đội ngũ hỗ trợ của chúng tôi bao gồm những kỹ thuật viên am hiểu sâu về quản trị hệ thống và phát triển game, sẵn sàng giúp bạn giải quyết các vấn đề từ cấu hình IP Route đến cài đặt Plugin\\\/Modpack phức tạp 24\\\/7.<\\\/p>\"}]",
            "cta_heading": "Sẵn sàng bắt đầu dự án của bạn cùng G-Server?",
            "cta_text": "Khởi tạo Game Server hoặc Website của bạn ngay hôm nay với các gói dịch vụ lưu trữ linh hoạt, mạnh mẽ và tiết kiệm nhất.",
            "cta_button_text": "Đăng Ký Ngay",
            "cta_button_url": "\/san-pham",
            "updated_at": "2026-05-13 22:48:54",
            "background": "img_6a049cbd0b711.gif",
            "intro_gif": "img_6a049d663be5a.gif",
            "intro_duration": "5.00"
        }
    ]
}
---
{
    "time": "2026-05-13T19:56:06+02:00",
    "payload": {
        "id": 1,
        "title": "G-Server",
        "subtitle": "Cung cấp giải pháp máy chủ tốc độ cao, cấu hình mạnh mẽ chuyên biệt cho Game Server và Doanh nghiệp.",
        "content": "",
        "image": "img_6a049cbd0afe2.gif",
        "background": "img_6a049cbd0b711.gif",
        "intro_gif": "img_6a049d663be5a.gif",
        "intro_duration": 5,
        "admin_id": 9,
        "uptime": "99.99%",
        "support": "24\/7\/365",
        "performance": "Ultra NVMe",
        "years_active": "5 Năm",
        "founded_year": 2021,
        "partners": "[{\"name\":\"Viettel IDC\",\"url\":\"https:\\\/\\\/viettelidc.com.vn\",\"logo\":\"\\\/uploads\\\/viettelidc_logo.png\"},{\"name\":\"Cisco Systems\",\"url\":\"https:\\\/\\\/www.cisco.com\",\"logo\":\"\\\/uploads\\\/cisco_logo.png\"},{\"name\":\"Cloudflare\",\"url\":\"https:\\\/\\\/www.cloudflare.com\",\"logo\":\"\\\/uploads\\\/cloudflare_logo.png\"}]",
        "modpacks": "[{\"name\":\"Vanilla (Tối ưu cơ chế)\",\"url\":\"#\",\"logo\":\"\\\/uploads\\\/vanilla_icon.png\"},{\"name\":\"RLCraft\",\"url\":\"#\",\"logo\":\"\\\/uploads\\\/rlcraft_icon.png\"},{\"name\":\"SkyFactory 4\",\"url\":\"#\",\"logo\":\"\\\/uploads\\\/skyfactory_icon.png\"}]",
        "gallery": null,
        "sections": "[{\"title\":\"Hạ tầng mạng Tiêu chuẩn Công nghiệp\",\"content\":\"<p>G-Server vận hành trên nền tảng phần cứng mạnh mẽ với các thiết bị định tuyến từ <strong>Cisco<\\\/strong>, đảm bảo khả năng xử lý hàng triệu gói tin mỗi giây. Hệ thống của chúng tôi được tối ưu hóa cho các giao thức VPN (Site-to-Site, Teleworker) và định tuyến thông minh để giảm thiểu tối đa độ trễ (latency).<\\\/p><ul><li><strong>Chống DDoS đa tầng:<\\\/strong> Lọc traffic độc hại ngay tại cửa ngõ hạ tầng.<\\\/li><li><strong>Băng thông không giới hạn:<\\\/strong> Đảm bảo đường truyền luôn thông suốt kể cả trong giờ cao điểm.<\\\/li><\\\/ul>\"},{\"title\":\"Tối ưu hóa cho Trải nghiệm Game Thuần túy\",\"content\":\"<p>Chúng tôi hiểu rằng những thay đổi về cơ chế server có thể làm hỏng các cỗ máy redstone phức tạp hay các hệ thống farm trong Minecraft. Tại G-Server, chúng tôi cam kết:<\\\/p><ul><li><strong>Giữ nguyên cơ chế Vanilla:<\\\/strong> Không can thiệp vào hành vi của Piston, Villager hay tốc độ Tick-rate của server.<\\\/li><li><strong>Hỗ trợ đa nền tảng:<\\\/strong> Dễ dàng triển khai các bản Modpack nặng như RLCraft, SkyFactory hay các Script Roleplay chuyên sâu cho GTA V mà không gặp rào cản kỹ thuật.<\\\/li><\\\/ul>\"},{\"title\":\"Kích hoạt Tức thì - Hỗ trợ Tận tâm\",\"content\":\"<p>Thời gian của bạn là vàng. Hệ thống quản trị của G-Server cho phép khách hàng khởi tạo dịch vụ chỉ trong vài giây sau khi thanh toán thành công.<\\\/p><p>Đội ngũ hỗ trợ của chúng tôi bao gồm những kỹ thuật viên am hiểu sâu về quản trị hệ thống và phát triển game, sẵn sàng giúp bạn giải quyết các vấn đề từ cấu hình IP Route đến cài đặt Plugin\\\/Modpack phức tạp 24\\\/7.<\\\/p>\"}]",
        "partners_heading": "Đối Tác Hạ Tầng & Công Nghệ",
        "modpacks_heading": "Hỗ Trợ Đa Dạng Modpack & Nền Tảng",
        "gallery_heading": "Hình Ảnh Trải Nghiệm & Datacenter",
        "cta_heading": "Sẵn sàng bắt đầu dự án của bạn cùng G-Server?",
        "cta_text": "Khởi tạo Game Server hoặc Website của bạn ngay hôm nay với các gói dịch vụ lưu trữ linh hoạt, mạnh mẽ và tiết kiệm nhất.",
        "cta_button_text": "Đăng Ký Ngay",
        "cta_button_url": "\/san-pham",
        "uptime_icon": "",
        "support_icon": "",
        "performance_icon": ""
    },
    "saved": {
        "id": 1,
        "title": "G-Server",
        "subtitle": "Cung cấp giải pháp máy chủ tốc độ cao, cấu hình mạnh mẽ chuyên biệt cho Game Server và Doanh nghiệp.",
        "services_heading": null,
        "partners_heading": "Đối Tác Hạ Tầng & Công Nghệ",
        "modpacks_heading": "Hỗ Trợ Đa Dạng Modpack & Nền Tảng",
        "gallery_heading": "Hình Ảnh Trải Nghiệm & Datacenter",
        "content": "",
        "image": "img_6a049cbd0afe2.gif",
        "admin_id": 9,
        "uptime": "99.99%",
        "support": "24\/7\/365",
        "performance": "Ultra NVMe",
        "years_active": "5 Năm",
        "founded_year": 2021,
        "partners": "[{\"name\":\"Viettel IDC\",\"url\":\"https:\\\/\\\/viettelidc.com.vn\",\"logo\":\"\\\/uploads\\\/viettelidc_logo.png\"},{\"name\":\"Cisco Systems\",\"url\":\"https:\\\/\\\/www.cisco.com\",\"logo\":\"\\\/uploads\\\/cisco_logo.png\"},{\"name\":\"Cloudflare\",\"url\":\"https:\\\/\\\/www.cloudflare.com\",\"logo\":\"\\\/uploads\\\/cloudflare_logo.png\"}]",
        "modpacks": "[{\"name\":\"Vanilla (Tối ưu cơ chế)\",\"url\":\"#\",\"logo\":\"\\\/uploads\\\/vanilla_icon.png\"},{\"name\":\"RLCraft\",\"url\":\"#\",\"logo\":\"\\\/uploads\\\/rlcraft_icon.png\"},{\"name\":\"SkyFactory 4\",\"url\":\"#\",\"logo\":\"\\\/uploads\\\/skyfactory_icon.png\"}]",
        "gallery": null,
        "services": null,
        "sections": "[{\"title\":\"Hạ tầng mạng Tiêu chuẩn Công nghiệp\",\"content\":\"<p>G-Server vận hành trên nền tảng phần cứng mạnh mẽ với các thiết bị định tuyến từ <strong>Cisco<\\\/strong>, đảm bảo khả năng xử lý hàng triệu gói tin mỗi giây. Hệ thống của chúng tôi được tối ưu hóa cho các giao thức VPN (Site-to-Site, Teleworker) và định tuyến thông minh để giảm thiểu tối đa độ trễ (latency).<\\\/p><ul><li><strong>Chống DDoS đa tầng:<\\\/strong> Lọc traffic độc hại ngay tại cửa ngõ hạ tầng.<\\\/li><li><strong>Băng thông không giới hạn:<\\\/strong> Đảm bảo đường truyền luôn thông suốt kể cả trong giờ cao điểm.<\\\/li><\\\/ul>\"},{\"title\":\"Tối ưu hóa cho Trải nghiệm Game Thuần túy\",\"content\":\"<p>Chúng tôi hiểu rằng những thay đổi về cơ chế server có thể làm hỏng các cỗ máy redstone phức tạp hay các hệ thống farm trong Minecraft. Tại G-Server, chúng tôi cam kết:<\\\/p><ul><li><strong>Giữ nguyên cơ chế Vanilla:<\\\/strong> Không can thiệp vào hành vi của Piston, Villager hay tốc độ Tick-rate của server.<\\\/li><li><strong>Hỗ trợ đa nền tảng:<\\\/strong> Dễ dàng triển khai các bản Modpack nặng như RLCraft, SkyFactory hay các Script Roleplay chuyên sâu cho GTA V mà không gặp rào cản kỹ thuật.<\\\/li><\\\/ul>\"},{\"title\":\"Kích hoạt Tức thì - Hỗ trợ Tận tâm\",\"content\":\"<p>Thời gian của bạn là vàng. Hệ thống quản trị của G-Server cho phép khách hàng khởi tạo dịch vụ chỉ trong vài giây sau khi thanh toán thành công.<\\\/p><p>Đội ngũ hỗ trợ của chúng tôi bao gồm những kỹ thuật viên am hiểu sâu về quản trị hệ thống và phát triển game, sẵn sàng giúp bạn giải quyết các vấn đề từ cấu hình IP Route đến cài đặt Plugin\\\/Modpack phức tạp 24\\\/7.<\\\/p>\"}]",
        "cta_heading": "Sẵn sàng bắt đầu dự án của bạn cùng G-Server?",
        "cta_text": "Khởi tạo Game Server hoặc Website của bạn ngay hôm nay với các gói dịch vụ lưu trữ linh hoạt, mạnh mẽ và tiết kiệm nhất.",
        "cta_button_text": "Đăng Ký Ngay",
        "cta_button_url": "\/san-pham",
        "updated_at": "2026-05-13 22:48:54",
        "background": "img_6a049cbd0b711.gif",
        "intro_gif": "img_6a049d663be5a.gif",
        "intro_duration": "5.00"
    },
    "note": "non-ajax flow"
}
---
{
    "time": "2026-05-13T20:32:52+02:00",
    "post": {
        "id": "1",
        "csrf_token": "15c96d7b36a5937cdf757831e8c3e1a19c9ac56ae5437323f82f62fe23d85982",
        "title": "G-Server 121",
        "subtitle": "Cung cấp giải pháp máy chủ tốc độ cao, cấu hình mạnh mẽ chuyên biệt cho Game Server và Doanh nghiệp.",
        "intro_duration": "5.00",
        "partners_heading": "Đối Tác Hạ Tầng & Công Nghệ",
        "modpacks_heading": "Hỗ Trợ Đa Dạng Modpack & Nền Tảng",
        "gallery_heading": "Hình Ảnh Trải Nghiệm & Datacenter",
        "content": "",
        "uptime": "99.99%",
        "uptime_icon": "",
        "support": "24\/7\/365",
        "support_icon": "",
        "performance": "Ultra NVMe",
        "performance_icon": "",
        "section_title": [
            "Hạ tầng mạng Tiêu chuẩn Công nghiệp",
            "Tối ưu hóa cho Trải nghiệm Game Thuần túy",
            "Kích hoạt Tức thì - Hỗ trợ Tận tâm"
        ],
        "section_content": [
            "<p>G-Server vận hành trên nền tảng phần cứng mạnh mẽ với các thiết bị định tuyến từ <strong>Cisco<\/strong>, đảm bảo khả năng xử lý hàng triệu gói tin mỗi giây. Hệ thống của chúng tôi được tối ưu hóa cho các giao thức VPN (Site-to-Site, Teleworker) và định tuyến thông minh để giảm thiểu tối đa độ trễ (latency).<\/p><ul><li><strong>Chống DDoS đa tầng:<\/strong> Lọc traffic độc hại ngay tại cửa ngõ hạ tầng.<\/li><li><strong>Băng thông không giới hạn:<\/strong> Đảm bảo đường truyền luôn thông suốt kể cả trong giờ cao điểm.<\/li><\/ul>",
            "<p>Chúng tôi hiểu rằng những thay đổi về cơ chế server có thể làm hỏng các cỗ máy redstone phức tạp hay các hệ thống farm trong Minecraft. Tại G-Server, chúng tôi cam kết:<\/p><ul><li><strong>Giữ nguyên cơ chế Vanilla:<\/strong> Không can thiệp vào hành vi của Piston, Villager hay tốc độ Tick-rate của server.<\/li><li><strong>Hỗ trợ đa nền tảng:<\/strong> Dễ dàng triển khai các bản Modpack nặng như RLCraft, SkyFactory hay các Script Roleplay chuyên sâu cho GTA V mà không gặp rào cản kỹ thuật.<\/li><\/ul>",
            "<p>Thời gian của bạn là vàng. Hệ thống quản trị của G-Server cho phép khách hàng khởi tạo dịch vụ chỉ trong vài giây sau khi thanh toán thành công.<\/p><p>Đội ngũ hỗ trợ của chúng tôi bao gồm những kỹ thuật viên am hiểu sâu về quản trị hệ thống và phát triển game, sẵn sàng giúp bạn giải quyết các vấn đề từ cấu hình IP Route đến cài đặt Plugin\/Modpack phức tạp 24\/7.<\/p>"
        ],
        "years_active": "5 Năm",
        "founded_year": "2021",
        "partners_name": [
            "Viettel IDC",
            "Cisco Systems",
            "Cloudflare"
        ],
        "partners_url": [
            "https:\/\/viettelidc.com.vn",
            "https:\/\/www.cisco.com",
            "https:\/\/www.cloudflare.com"
        ],
        "partners_logo_text": [
            "\/uploads\/viettelidc_logo.png",
            "\/uploads\/cisco_logo.png",
            "\/uploads\/cloudflare_logo.png"
        ],
        "modpacks_name": [
            "Vanilla (Tối ưu cơ chế)",
            "RLCraft",
            "SkyFactory 4"
        ],
        "modpacks_url": [
            "#",
            "#",
            "#"
        ],
        "modpacks_logo_text": [
            "\/uploads\/vanilla_icon.png",
            "\/uploads\/rlcraft_icon.png",
            "\/uploads\/skyfactory_icon.png"
        ],
        "gallery_title": [
            ""
        ],
        "gallery_caption": [
            ""
        ],
        "cta_heading": "Sẵn sàng bắt đầu dự án của bạn cùng G-Server?",
        "cta_text": "Khởi tạo Game Server hoặc Website của bạn ngay hôm nay với các gói dịch vụ lưu trữ linh hoạt, mạnh mẽ và tiết kiệm nhất.",
        "cta_button_text": "Đăng Ký Ngay",
        "cta_button_url": "\/san-pham",
        "image_text": "img_6a049cbd0afe2.gif",
        "background_text": "img_6a049cbd0b711.gif",
        "intro_gif_text": "img_6a049d663be5a.gif"
    },
    "files": {
        "partners_logo": {
            "name": [
                "",
                "",
                ""
            ],
            "size": [
                0,
                0,
                0
            ]
        },
        "modpacks_logo": {
            "name": [
                "",
                "",
                ""
            ],
            "size": [
                0,
                0,
                0
            ]
        },
        "gallery_images": {
            "name": [
                ""
            ],
            "size": [
                0
            ]
        },
        "image": {
            "name": "",
            "size": 0
        },
        "background": {
            "name": "",
            "size": 0
        },
        "intro_gif": {
            "name": "",
            "size": 0
        }
    },
    "about_rows": [
        {
            "id": 1,
            "title": "G-Server",
            "subtitle": "Cung cấp giải pháp máy chủ tốc độ cao, cấu hình mạnh mẽ chuyên biệt cho Game Server và Doanh nghiệp.",
            "services_heading": null,
            "partners_heading": "Đối Tác Hạ Tầng & Công Nghệ",
            "modpacks_heading": "Hỗ Trợ Đa Dạng Modpack & Nền Tảng",
            "gallery_heading": "Hình Ảnh Trải Nghiệm & Datacenter",
            "content": "",
            "image": "img_6a049cbd0afe2.gif",
            "admin_id": 9,
            "uptime": "99.99%",
            "support": "24\/7\/365",
            "performance": "Ultra NVMe",
            "years_active": "5 Năm",
            "founded_year": 2021,
            "partners": "[{\"name\":\"Viettel IDC\",\"url\":\"https:\\\/\\\/viettelidc.com.vn\",\"logo\":\"\\\/uploads\\\/viettelidc_logo.png\"},{\"name\":\"Cisco Systems\",\"url\":\"https:\\\/\\\/www.cisco.com\",\"logo\":\"\\\/uploads\\\/cisco_logo.png\"},{\"name\":\"Cloudflare\",\"url\":\"https:\\\/\\\/www.cloudflare.com\",\"logo\":\"\\\/uploads\\\/cloudflare_logo.png\"}]",
            "modpacks": "[{\"name\":\"Vanilla (Tối ưu cơ chế)\",\"url\":\"#\",\"logo\":\"\\\/uploads\\\/vanilla_icon.png\"},{\"name\":\"RLCraft\",\"url\":\"#\",\"logo\":\"\\\/uploads\\\/rlcraft_icon.png\"},{\"name\":\"SkyFactory 4\",\"url\":\"#\",\"logo\":\"\\\/uploads\\\/skyfactory_icon.png\"}]",
            "gallery": null,
            "services": null,
            "sections": "[{\"title\":\"Hạ tầng mạng Tiêu chuẩn Công nghiệp\",\"content\":\"<p>G-Server vận hành trên nền tảng phần cứng mạnh mẽ với các thiết bị định tuyến từ <strong>Cisco<\\\/strong>, đảm bảo khả năng xử lý hàng triệu gói tin mỗi giây. Hệ thống của chúng tôi được tối ưu hóa cho các giao thức VPN (Site-to-Site, Teleworker) và định tuyến thông minh để giảm thiểu tối đa độ trễ (latency).<\\\/p><ul><li><strong>Chống DDoS đa tầng:<\\\/strong> Lọc traffic độc hại ngay tại cửa ngõ hạ tầng.<\\\/li><li><strong>Băng thông không giới hạn:<\\\/strong> Đảm bảo đường truyền luôn thông suốt kể cả trong giờ cao điểm.<\\\/li><\\\/ul>\"},{\"title\":\"Tối ưu hóa cho Trải nghiệm Game Thuần túy\",\"content\":\"<p>Chúng tôi hiểu rằng những thay đổi về cơ chế server có thể làm hỏng các cỗ máy redstone phức tạp hay các hệ thống farm trong Minecraft. Tại G-Server, chúng tôi cam kết:<\\\/p><ul><li><strong>Giữ nguyên cơ chế Vanilla:<\\\/strong> Không can thiệp vào hành vi của Piston, Villager hay tốc độ Tick-rate của server.<\\\/li><li><strong>Hỗ trợ đa nền tảng:<\\\/strong> Dễ dàng triển khai các bản Modpack nặng như RLCraft, SkyFactory hay các Script Roleplay chuyên sâu cho GTA V mà không gặp rào cản kỹ thuật.<\\\/li><\\\/ul>\"},{\"title\":\"Kích hoạt Tức thì - Hỗ trợ Tận tâm\",\"content\":\"<p>Thời gian của bạn là vàng. Hệ thống quản trị của G-Server cho phép khách hàng khởi tạo dịch vụ chỉ trong vài giây sau khi thanh toán thành công.<\\\/p><p>Đội ngũ hỗ trợ của chúng tôi bao gồm những kỹ thuật viên am hiểu sâu về quản trị hệ thống và phát triển game, sẵn sàng giúp bạn giải quyết các vấn đề từ cấu hình IP Route đến cài đặt Plugin\\\/Modpack phức tạp 24\\\/7.<\\\/p>\"}]",
            "cta_heading": "Sẵn sàng bắt đầu dự án của bạn cùng G-Server?",
            "cta_text": "Khởi tạo Game Server hoặc Website của bạn ngay hôm nay với các gói dịch vụ lưu trữ linh hoạt, mạnh mẽ và tiết kiệm nhất.",
            "cta_button_text": "Đăng Ký Ngay",
            "cta_button_url": "\/san-pham",
            "updated_at": "2026-05-13 22:48:54",
            "background": "img_6a049cbd0b711.gif",
            "intro_gif": "img_6a049d663be5a.gif",
            "intro_duration": "5.00"
        }
    ]
}
---
{
    "time": "2026-05-13T20:32:52+02:00",
    "payload": {
        "id": 1,
        "title": "G-Server 121",
        "subtitle": "Cung cấp giải pháp máy chủ tốc độ cao, cấu hình mạnh mẽ chuyên biệt cho Game Server và Doanh nghiệp.",
        "content": "",
        "image": "img_6a049cbd0afe2.gif",
        "background": "img_6a049cbd0b711.gif",
        "intro_gif": "img_6a049d663be5a.gif",
        "intro_duration": 5,
        "admin_id": 10,
        "uptime": "99.99%",
        "support": "24\/7\/365",
        "performance": "Ultra NVMe",
        "years_active": "5 Năm",
        "founded_year": 2021,
        "partners": "[{\"name\":\"Viettel IDC\",\"url\":\"https:\\\/\\\/viettelidc.com.vn\",\"logo\":\"\\\/uploads\\\/viettelidc_logo.png\"},{\"name\":\"Cisco Systems\",\"url\":\"https:\\\/\\\/www.cisco.com\",\"logo\":\"\\\/uploads\\\/cisco_logo.png\"},{\"name\":\"Cloudflare\",\"url\":\"https:\\\/\\\/www.cloudflare.com\",\"logo\":\"\\\/uploads\\\/cloudflare_logo.png\"}]",
        "modpacks": "[{\"name\":\"Vanilla (Tối ưu cơ chế)\",\"url\":\"#\",\"logo\":\"\\\/uploads\\\/vanilla_icon.png\"},{\"name\":\"RLCraft\",\"url\":\"#\",\"logo\":\"\\\/uploads\\\/rlcraft_icon.png\"},{\"name\":\"SkyFactory 4\",\"url\":\"#\",\"logo\":\"\\\/uploads\\\/skyfactory_icon.png\"}]",
        "gallery": null,
        "sections": "[{\"title\":\"Hạ tầng mạng Tiêu chuẩn Công nghiệp\",\"content\":\"<p>G-Server vận hành trên nền tảng phần cứng mạnh mẽ với các thiết bị định tuyến từ <strong>Cisco<\\\/strong>, đảm bảo khả năng xử lý hàng triệu gói tin mỗi giây. Hệ thống của chúng tôi được tối ưu hóa cho các giao thức VPN (Site-to-Site, Teleworker) và định tuyến thông minh để giảm thiểu tối đa độ trễ (latency).<\\\/p><ul><li><strong>Chống DDoS đa tầng:<\\\/strong> Lọc traffic độc hại ngay tại cửa ngõ hạ tầng.<\\\/li><li><strong>Băng thông không giới hạn:<\\\/strong> Đảm bảo đường truyền luôn thông suốt kể cả trong giờ cao điểm.<\\\/li><\\\/ul>\"},{\"title\":\"Tối ưu hóa cho Trải nghiệm Game Thuần túy\",\"content\":\"<p>Chúng tôi hiểu rằng những thay đổi về cơ chế server có thể làm hỏng các cỗ máy redstone phức tạp hay các hệ thống farm trong Minecraft. Tại G-Server, chúng tôi cam kết:<\\\/p><ul><li><strong>Giữ nguyên cơ chế Vanilla:<\\\/strong> Không can thiệp vào hành vi của Piston, Villager hay tốc độ Tick-rate của server.<\\\/li><li><strong>Hỗ trợ đa nền tảng:<\\\/strong> Dễ dàng triển khai các bản Modpack nặng như RLCraft, SkyFactory hay các Script Roleplay chuyên sâu cho GTA V mà không gặp rào cản kỹ thuật.<\\\/li><\\\/ul>\"},{\"title\":\"Kích hoạt Tức thì - Hỗ trợ Tận tâm\",\"content\":\"<p>Thời gian của bạn là vàng. Hệ thống quản trị của G-Server cho phép khách hàng khởi tạo dịch vụ chỉ trong vài giây sau khi thanh toán thành công.<\\\/p><p>Đội ngũ hỗ trợ của chúng tôi bao gồm những kỹ thuật viên am hiểu sâu về quản trị hệ thống và phát triển game, sẵn sàng giúp bạn giải quyết các vấn đề từ cấu hình IP Route đến cài đặt Plugin\\\/Modpack phức tạp 24\\\/7.<\\\/p>\"}]",
        "partners_heading": "Đối Tác Hạ Tầng & Công Nghệ",
        "modpacks_heading": "Hỗ Trợ Đa Dạng Modpack & Nền Tảng",
        "gallery_heading": "Hình Ảnh Trải Nghiệm & Datacenter",
        "cta_heading": "Sẵn sàng bắt đầu dự án của bạn cùng G-Server?",
        "cta_text": "Khởi tạo Game Server hoặc Website của bạn ngay hôm nay với các gói dịch vụ lưu trữ linh hoạt, mạnh mẽ và tiết kiệm nhất.",
        "cta_button_text": "Đăng Ký Ngay",
        "cta_button_url": "\/san-pham",
        "uptime_icon": "",
        "support_icon": "",
        "performance_icon": ""
    },
    "saved": {
        "id": 1,
        "title": "G-Server 121",
        "subtitle": "Cung cấp giải pháp máy chủ tốc độ cao, cấu hình mạnh mẽ chuyên biệt cho Game Server và Doanh nghiệp.",
        "services_heading": null,
        "partners_heading": "Đối Tác Hạ Tầng & Công Nghệ",
        "modpacks_heading": "Hỗ Trợ Đa Dạng Modpack & Nền Tảng",
        "gallery_heading": "Hình Ảnh Trải Nghiệm & Datacenter",
        "content": "",
        "image": "img_6a049cbd0afe2.gif",
        "admin_id": 10,
        "uptime": "99.99%",
        "support": "24\/7\/365",
        "performance": "Ultra NVMe",
        "years_active": "5 Năm",
        "founded_year": 2021,
        "partners": "[{\"name\":\"Viettel IDC\",\"url\":\"https:\\\/\\\/viettelidc.com.vn\",\"logo\":\"\\\/uploads\\\/viettelidc_logo.png\"},{\"name\":\"Cisco Systems\",\"url\":\"https:\\\/\\\/www.cisco.com\",\"logo\":\"\\\/uploads\\\/cisco_logo.png\"},{\"name\":\"Cloudflare\",\"url\":\"https:\\\/\\\/www.cloudflare.com\",\"logo\":\"\\\/uploads\\\/cloudflare_logo.png\"}]",
        "modpacks": "[{\"name\":\"Vanilla (Tối ưu cơ chế)\",\"url\":\"#\",\"logo\":\"\\\/uploads\\\/vanilla_icon.png\"},{\"name\":\"RLCraft\",\"url\":\"#\",\"logo\":\"\\\/uploads\\\/rlcraft_icon.png\"},{\"name\":\"SkyFactory 4\",\"url\":\"#\",\"logo\":\"\\\/uploads\\\/skyfactory_icon.png\"}]",
        "gallery": null,
        "services": null,
        "sections": "[{\"title\":\"Hạ tầng mạng Tiêu chuẩn Công nghiệp\",\"content\":\"<p>G-Server vận hành trên nền tảng phần cứng mạnh mẽ với các thiết bị định tuyến từ <strong>Cisco<\\\/strong>, đảm bảo khả năng xử lý hàng triệu gói tin mỗi giây. Hệ thống của chúng tôi được tối ưu hóa cho các giao thức VPN (Site-to-Site, Teleworker) và định tuyến thông minh để giảm thiểu tối đa độ trễ (latency).<\\\/p><ul><li><strong>Chống DDoS đa tầng:<\\\/strong> Lọc traffic độc hại ngay tại cửa ngõ hạ tầng.<\\\/li><li><strong>Băng thông không giới hạn:<\\\/strong> Đảm bảo đường truyền luôn thông suốt kể cả trong giờ cao điểm.<\\\/li><\\\/ul>\"},{\"title\":\"Tối ưu hóa cho Trải nghiệm Game Thuần túy\",\"content\":\"<p>Chúng tôi hiểu rằng những thay đổi về cơ chế server có thể làm hỏng các cỗ máy redstone phức tạp hay các hệ thống farm trong Minecraft. Tại G-Server, chúng tôi cam kết:<\\\/p><ul><li><strong>Giữ nguyên cơ chế Vanilla:<\\\/strong> Không can thiệp vào hành vi của Piston, Villager hay tốc độ Tick-rate của server.<\\\/li><li><strong>Hỗ trợ đa nền tảng:<\\\/strong> Dễ dàng triển khai các bản Modpack nặng như RLCraft, SkyFactory hay các Script Roleplay chuyên sâu cho GTA V mà không gặp rào cản kỹ thuật.<\\\/li><\\\/ul>\"},{\"title\":\"Kích hoạt Tức thì - Hỗ trợ Tận tâm\",\"content\":\"<p>Thời gian của bạn là vàng. Hệ thống quản trị của G-Server cho phép khách hàng khởi tạo dịch vụ chỉ trong vài giây sau khi thanh toán thành công.<\\\/p><p>Đội ngũ hỗ trợ của chúng tôi bao gồm những kỹ thuật viên am hiểu sâu về quản trị hệ thống và phát triển game, sẵn sàng giúp bạn giải quyết các vấn đề từ cấu hình IP Route đến cài đặt Plugin\\\/Modpack phức tạp 24\\\/7.<\\\/p>\"}]",
        "cta_heading": "Sẵn sàng bắt đầu dự án của bạn cùng G-Server?",
        "cta_text": "Khởi tạo Game Server hoặc Website của bạn ngay hôm nay với các gói dịch vụ lưu trữ linh hoạt, mạnh mẽ và tiết kiệm nhất.",
        "cta_button_text": "Đăng Ký Ngay",
        "cta_button_url": "\/san-pham",
        "updated_at": "2026-05-14 01:32:52",
        "background": "img_6a049cbd0b711.gif",
        "intro_gif": "img_6a049d663be5a.gif",
        "intro_duration": "5.00"
    },
    "note": "non-ajax flow"
}
---
{
    "time": "2026-05-13T20:33:52+02:00",
    "post": {
        "id": "1",
        "csrf_token": "15c96d7b36a5937cdf757831e8c3e1a19c9ac56ae5437323f82f62fe23d85982",
        "title": "G-Server 121",
        "subtitle": "Cung cấp giải pháp máy chủ tốc độ cao, cấu hình mạnh mẽ chuyên biệt cho Game Server và Doanh nghiệp.",
        "intro_duration": "5.00",
        "partners_heading": "Đối Tác Hạ Tầng & Công Nghệ",
        "modpacks_heading": "Hỗ Trợ Đa Dạng Modpack & Nền Tảng",
        "gallery_heading": "Hình Ảnh Trải Nghiệm & Datacenter",
        "content": "",
        "uptime": "99.99%",
        "uptime_icon": "",
        "support": "24\/7\/365",
        "support_icon": "",
        "performance": "Ultra NVMe",
        "performance_icon": "",
        "section_title": [
            "Hạ tầng mạng Tiêu chuẩn Công nghiệp",
            "Tối ưu hóa cho Trải nghiệm Game Thuần túy",
            "Kích hoạt Tức thì - Hỗ trợ Tận tâm"
        ],
        "section_content": [
            "<p>G-Server vận hành trên nền tảng phần cứng mạnh mẽ với các thiết bị định tuyến từ <strong>Cisco<\/strong>, đảm bảo khả năng xử lý hàng triệu gói tin mỗi giây. Hệ thống của chúng tôi được tối ưu hóa cho các giao thức VPN (Site-to-Site, Teleworker) và định tuyến thông minh để giảm thiểu tối đa độ trễ (latency).<\/p><ul><li><strong>Chống DDoS đa tầng:<\/strong> Lọc traffic độc hại ngay tại cửa ngõ hạ tầng.<\/li><li><strong>Băng thông không giới hạn:<\/strong> Đảm bảo đường truyền luôn thông suốt kể cả trong giờ cao điểm.<\/li><\/ul>",
            "<p>Chúng tôi hiểu rằng những thay đổi về cơ chế server có thể làm hỏng các cỗ máy redstone phức tạp hay các hệ thống farm trong Minecraft. Tại G-Server, chúng tôi cam kết:<\/p><ul><li><strong>Giữ nguyên cơ chế Vanilla:<\/strong> Không can thiệp vào hành vi của Piston, Villager hay tốc độ Tick-rate của server.<\/li><li><strong>Hỗ trợ đa nền tảng:<\/strong> Dễ dàng triển khai các bản Modpack nặng như RLCraft, SkyFactory hay các Script Roleplay chuyên sâu cho GTA V mà không gặp rào cản kỹ thuật.<\/li><\/ul>",
            "<p>Thời gian của bạn là vàng. Hệ thống quản trị của G-Server cho phép khách hàng khởi tạo dịch vụ chỉ trong vài giây sau khi thanh toán thành công.<\/p><p>Đội ngũ hỗ trợ của chúng tôi bao gồm những kỹ thuật viên am hiểu sâu về quản trị hệ thống và phát triển game, sẵn sàng giúp bạn giải quyết các vấn đề từ cấu hình IP Route đến cài đặt Plugin\/Modpack phức tạp 24\/7.<\/p>"
        ],
        "years_active": "5 Năm",
        "founded_year": "2021",
        "partners_name": [
            "Viettel IDC",
            "Cisco Systems",
            "Cloudflare"
        ],
        "partners_url": [
            "https:\/\/viettelidc.com.vn",
            "https:\/\/www.cisco.com",
            "https:\/\/www.cloudflare.com"
        ],
        "partners_logo_text": [
            "\/uploads\/viettelidc_logo.png",
            "\/uploads\/cisco_logo.png",
            "\/uploads\/cloudflare_logo.png"
        ],
        "modpacks_name": [
            "Vanilla (Tối ưu cơ chế)",
            "RLCraft",
            "SkyFactory 4"
        ],
        "modpacks_url": [
            "#",
            "#",
            "#"
        ],
        "modpacks_logo_text": [
            "\/uploads\/vanilla_icon.png",
            "\/uploads\/rlcraft_icon.png",
            "\/uploads\/skyfactory_icon.png"
        ],
        "gallery_title": [
            ""
        ],
        "gallery_caption": [
            ""
        ],
        "cta_heading": "Sẵn sàng bắt đầu dự án của bạn cùng G-Server?",
        "cta_text": "Khởi tạo Game Server hoặc Website của bạn ngay hôm nay với các gói dịch vụ lưu trữ linh hoạt, mạnh mẽ và tiết kiệm nhất.",
        "cta_button_text": "Đăng Ký Ngay",
        "cta_button_url": "\/san-pham",
        "image_text": "img_6a049cbd0afe2.gif",
        "background_text": "img_6a049cbd0b711.gif",
        "intro_gif_text": "img_6a049d663be5a.gif"
    },
    "files": {
        "partners_logo": {
            "name": [
                "",
                "",
                ""
            ],
            "size": [
                0,
                0,
                0
            ]
        },
        "modpacks_logo": {
            "name": [
                "maxresdefault (2).jpg",
                "",
                ""
            ],
            "size": [
                133091,
                0,
                0
            ]
        },
        "gallery_images": {
            "name": [
                ""
            ],
            "size": [
                0
            ]
        },
        "image": {
            "name": "",
            "size": 0
        },
        "background": {
            "name": "",
            "size": 0
        },
        "intro_gif": {
            "name": "",
            "size": 0
        }
    },
    "about_rows": [
        {
            "id": 1,
            "title": "G-Server 121",
            "subtitle": "Cung cấp giải pháp máy chủ tốc độ cao, cấu hình mạnh mẽ chuyên biệt cho Game Server và Doanh nghiệp.",
            "services_heading": null,
            "partners_heading": "Đối Tác Hạ Tầng & Công Nghệ",
            "modpacks_heading": "Hỗ Trợ Đa Dạng Modpack & Nền Tảng",
            "gallery_heading": "Hình Ảnh Trải Nghiệm & Datacenter",
            "content": "",
            "image": "img_6a049cbd0afe2.gif",
            "admin_id": 10,
            "uptime": "99.99%",
            "support": "24\/7\/365",
            "performance": "Ultra NVMe",
            "years_active": "5 Năm",
            "founded_year": 2021,
            "partners": "[{\"name\":\"Viettel IDC\",\"url\":\"https:\\\/\\\/viettelidc.com.vn\",\"logo\":\"\\\/uploads\\\/viettelidc_logo.png\"},{\"name\":\"Cisco Systems\",\"url\":\"https:\\\/\\\/www.cisco.com\",\"logo\":\"\\\/uploads\\\/cisco_logo.png\"},{\"name\":\"Cloudflare\",\"url\":\"https:\\\/\\\/www.cloudflare.com\",\"logo\":\"\\\/uploads\\\/cloudflare_logo.png\"}]",
            "modpacks": "[{\"name\":\"Vanilla (Tối ưu cơ chế)\",\"url\":\"#\",\"logo\":\"\\\/uploads\\\/vanilla_icon.png\"},{\"name\":\"RLCraft\",\"url\":\"#\",\"logo\":\"\\\/uploads\\\/rlcraft_icon.png\"},{\"name\":\"SkyFactory 4\",\"url\":\"#\",\"logo\":\"\\\/uploads\\\/skyfactory_icon.png\"}]",
            "gallery": null,
            "services": null,
            "sections": "[{\"title\":\"Hạ tầng mạng Tiêu chuẩn Công nghiệp\",\"content\":\"<p>G-Server vận hành trên nền tảng phần cứng mạnh mẽ với các thiết bị định tuyến từ <strong>Cisco<\\\/strong>, đảm bảo khả năng xử lý hàng triệu gói tin mỗi giây. Hệ thống của chúng tôi được tối ưu hóa cho các giao thức VPN (Site-to-Site, Teleworker) và định tuyến thông minh để giảm thiểu tối đa độ trễ (latency).<\\\/p><ul><li><strong>Chống DDoS đa tầng:<\\\/strong> Lọc traffic độc hại ngay tại cửa ngõ hạ tầng.<\\\/li><li><strong>Băng thông không giới hạn:<\\\/strong> Đảm bảo đường truyền luôn thông suốt kể cả trong giờ cao điểm.<\\\/li><\\\/ul>\"},{\"title\":\"Tối ưu hóa cho Trải nghiệm Game Thuần túy\",\"content\":\"<p>Chúng tôi hiểu rằng những thay đổi về cơ chế server có thể làm hỏng các cỗ máy redstone phức tạp hay các hệ thống farm trong Minecraft. Tại G-Server, chúng tôi cam kết:<\\\/p><ul><li><strong>Giữ nguyên cơ chế Vanilla:<\\\/strong> Không can thiệp vào hành vi của Piston, Villager hay tốc độ Tick-rate của server.<\\\/li><li><strong>Hỗ trợ đa nền tảng:<\\\/strong> Dễ dàng triển khai các bản Modpack nặng như RLCraft, SkyFactory hay các Script Roleplay chuyên sâu cho GTA V mà không gặp rào cản kỹ thuật.<\\\/li><\\\/ul>\"},{\"title\":\"Kích hoạt Tức thì - Hỗ trợ Tận tâm\",\"content\":\"<p>Thời gian của bạn là vàng. Hệ thống quản trị của G-Server cho phép khách hàng khởi tạo dịch vụ chỉ trong vài giây sau khi thanh toán thành công.<\\\/p><p>Đội ngũ hỗ trợ của chúng tôi bao gồm những kỹ thuật viên am hiểu sâu về quản trị hệ thống và phát triển game, sẵn sàng giúp bạn giải quyết các vấn đề từ cấu hình IP Route đến cài đặt Plugin\\\/Modpack phức tạp 24\\\/7.<\\\/p>\"}]",
            "cta_heading": "Sẵn sàng bắt đầu dự án của bạn cùng G-Server?",
            "cta_text": "Khởi tạo Game Server hoặc Website của bạn ngay hôm nay với các gói dịch vụ lưu trữ linh hoạt, mạnh mẽ và tiết kiệm nhất.",
            "cta_button_text": "Đăng Ký Ngay",
            "cta_button_url": "\/san-pham",
            "updated_at": "2026-05-14 01:32:52",
            "background": "img_6a049cbd0b711.gif",
            "intro_gif": "img_6a049d663be5a.gif",
            "intro_duration": "5.00"
        }
    ]
}
---
{
    "time": "2026-05-13T20:33:52+02:00",
    "payload": {
        "id": 1,
        "title": "G-Server 121",
        "subtitle": "Cung cấp giải pháp máy chủ tốc độ cao, cấu hình mạnh mẽ chuyên biệt cho Game Server và Doanh nghiệp.",
        "content": "",
        "image": "img_6a049cbd0afe2.gif",
        "background": "img_6a049cbd0b711.gif",
        "intro_gif": "img_6a049d663be5a.gif",
        "intro_duration": 5,
        "admin_id": 10,
        "uptime": "99.99%",
        "support": "24\/7\/365",
        "performance": "Ultra NVMe",
        "years_active": "5 Năm",
        "founded_year": 2021,
        "partners": "[{\"name\":\"Viettel IDC\",\"url\":\"https:\\\/\\\/viettelidc.com.vn\",\"logo\":\"\\\/uploads\\\/viettelidc_logo.png\"},{\"name\":\"Cisco Systems\",\"url\":\"https:\\\/\\\/www.cisco.com\",\"logo\":\"\\\/uploads\\\/cisco_logo.png\"},{\"name\":\"Cloudflare\",\"url\":\"https:\\\/\\\/www.cloudflare.com\",\"logo\":\"\\\/uploads\\\/cloudflare_logo.png\"}]",
        "modpacks": "[{\"name\":\"Vanilla (Tối ưu cơ chế)\",\"url\":\"#\",\"logo\":\"img_6a04c4106ca16.jpg\"},{\"name\":\"RLCraft\",\"url\":\"#\",\"logo\":\"\\\/uploads\\\/rlcraft_icon.png\"},{\"name\":\"SkyFactory 4\",\"url\":\"#\",\"logo\":\"\\\/uploads\\\/skyfactory_icon.png\"}]",
        "gallery": null,
        "sections": "[{\"title\":\"Hạ tầng mạng Tiêu chuẩn Công nghiệp\",\"content\":\"<p>G-Server vận hành trên nền tảng phần cứng mạnh mẽ với các thiết bị định tuyến từ <strong>Cisco<\\\/strong>, đảm bảo khả năng xử lý hàng triệu gói tin mỗi giây. Hệ thống của chúng tôi được tối ưu hóa cho các giao thức VPN (Site-to-Site, Teleworker) và định tuyến thông minh để giảm thiểu tối đa độ trễ (latency).<\\\/p><ul><li><strong>Chống DDoS đa tầng:<\\\/strong> Lọc traffic độc hại ngay tại cửa ngõ hạ tầng.<\\\/li><li><strong>Băng thông không giới hạn:<\\\/strong> Đảm bảo đường truyền luôn thông suốt kể cả trong giờ cao điểm.<\\\/li><\\\/ul>\"},{\"title\":\"Tối ưu hóa cho Trải nghiệm Game Thuần túy\",\"content\":\"<p>Chúng tôi hiểu rằng những thay đổi về cơ chế server có thể làm hỏng các cỗ máy redstone phức tạp hay các hệ thống farm trong Minecraft. Tại G-Server, chúng tôi cam kết:<\\\/p><ul><li><strong>Giữ nguyên cơ chế Vanilla:<\\\/strong> Không can thiệp vào hành vi của Piston, Villager hay tốc độ Tick-rate của server.<\\\/li><li><strong>Hỗ trợ đa nền tảng:<\\\/strong> Dễ dàng triển khai các bản Modpack nặng như RLCraft, SkyFactory hay các Script Roleplay chuyên sâu cho GTA V mà không gặp rào cản kỹ thuật.<\\\/li><\\\/ul>\"},{\"title\":\"Kích hoạt Tức thì - Hỗ trợ Tận tâm\",\"content\":\"<p>Thời gian của bạn là vàng. Hệ thống quản trị của G-Server cho phép khách hàng khởi tạo dịch vụ chỉ trong vài giây sau khi thanh toán thành công.<\\\/p><p>Đội ngũ hỗ trợ của chúng tôi bao gồm những kỹ thuật viên am hiểu sâu về quản trị hệ thống và phát triển game, sẵn sàng giúp bạn giải quyết các vấn đề từ cấu hình IP Route đến cài đặt Plugin\\\/Modpack phức tạp 24\\\/7.<\\\/p>\"}]",
        "partners_heading": "Đối Tác Hạ Tầng & Công Nghệ",
        "modpacks_heading": "Hỗ Trợ Đa Dạng Modpack & Nền Tảng",
        "gallery_heading": "Hình Ảnh Trải Nghiệm & Datacenter",
        "cta_heading": "Sẵn sàng bắt đầu dự án của bạn cùng G-Server?",
        "cta_text": "Khởi tạo Game Server hoặc Website của bạn ngay hôm nay với các gói dịch vụ lưu trữ linh hoạt, mạnh mẽ và tiết kiệm nhất.",
        "cta_button_text": "Đăng Ký Ngay",
        "cta_button_url": "\/san-pham",
        "uptime_icon": "",
        "support_icon": "",
        "performance_icon": ""
    },
    "saved": {
        "id": 1,
        "title": "G-Server 121",
        "subtitle": "Cung cấp giải pháp máy chủ tốc độ cao, cấu hình mạnh mẽ chuyên biệt cho Game Server và Doanh nghiệp.",
        "services_heading": null,
        "partners_heading": "Đối Tác Hạ Tầng & Công Nghệ",
        "modpacks_heading": "Hỗ Trợ Đa Dạng Modpack & Nền Tảng",
        "gallery_heading": "Hình Ảnh Trải Nghiệm & Datacenter",
        "content": "",
        "image": "img_6a049cbd0afe2.gif",
        "admin_id": 10,
        "uptime": "99.99%",
        "support": "24\/7\/365",
        "performance": "Ultra NVMe",
        "years_active": "5 Năm",
        "founded_year": 2021,
        "partners": "[{\"name\":\"Viettel IDC\",\"url\":\"https:\\\/\\\/viettelidc.com.vn\",\"logo\":\"\\\/uploads\\\/viettelidc_logo.png\"},{\"name\":\"Cisco Systems\",\"url\":\"https:\\\/\\\/www.cisco.com\",\"logo\":\"\\\/uploads\\\/cisco_logo.png\"},{\"name\":\"Cloudflare\",\"url\":\"https:\\\/\\\/www.cloudflare.com\",\"logo\":\"\\\/uploads\\\/cloudflare_logo.png\"}]",
        "modpacks": "[{\"name\":\"Vanilla (Tối ưu cơ chế)\",\"url\":\"#\",\"logo\":\"img_6a04c4106ca16.jpg\"},{\"name\":\"RLCraft\",\"url\":\"#\",\"logo\":\"\\\/uploads\\\/rlcraft_icon.png\"},{\"name\":\"SkyFactory 4\",\"url\":\"#\",\"logo\":\"\\\/uploads\\\/skyfactory_icon.png\"}]",
        "gallery": null,
        "services": null,
        "sections": "[{\"title\":\"Hạ tầng mạng Tiêu chuẩn Công nghiệp\",\"content\":\"<p>G-Server vận hành trên nền tảng phần cứng mạnh mẽ với các thiết bị định tuyến từ <strong>Cisco<\\\/strong>, đảm bảo khả năng xử lý hàng triệu gói tin mỗi giây. Hệ thống của chúng tôi được tối ưu hóa cho các giao thức VPN (Site-to-Site, Teleworker) và định tuyến thông minh để giảm thiểu tối đa độ trễ (latency).<\\\/p><ul><li><strong>Chống DDoS đa tầng:<\\\/strong> Lọc traffic độc hại ngay tại cửa ngõ hạ tầng.<\\\/li><li><strong>Băng thông không giới hạn:<\\\/strong> Đảm bảo đường truyền luôn thông suốt kể cả trong giờ cao điểm.<\\\/li><\\\/ul>\"},{\"title\":\"Tối ưu hóa cho Trải nghiệm Game Thuần túy\",\"content\":\"<p>Chúng tôi hiểu rằng những thay đổi về cơ chế server có thể làm hỏng các cỗ máy redstone phức tạp hay các hệ thống farm trong Minecraft. Tại G-Server, chúng tôi cam kết:<\\\/p><ul><li><strong>Giữ nguyên cơ chế Vanilla:<\\\/strong> Không can thiệp vào hành vi của Piston, Villager hay tốc độ Tick-rate của server.<\\\/li><li><strong>Hỗ trợ đa nền tảng:<\\\/strong> Dễ dàng triển khai các bản Modpack nặng như RLCraft, SkyFactory hay các Script Roleplay chuyên sâu cho GTA V mà không gặp rào cản kỹ thuật.<\\\/li><\\\/ul>\"},{\"title\":\"Kích hoạt Tức thì - Hỗ trợ Tận tâm\",\"content\":\"<p>Thời gian của bạn là vàng. Hệ thống quản trị của G-Server cho phép khách hàng khởi tạo dịch vụ chỉ trong vài giây sau khi thanh toán thành công.<\\\/p><p>Đội ngũ hỗ trợ của chúng tôi bao gồm những kỹ thuật viên am hiểu sâu về quản trị hệ thống và phát triển game, sẵn sàng giúp bạn giải quyết các vấn đề từ cấu hình IP Route đến cài đặt Plugin\\\/Modpack phức tạp 24\\\/7.<\\\/p>\"}]",
        "cta_heading": "Sẵn sàng bắt đầu dự án của bạn cùng G-Server?",
        "cta_text": "Khởi tạo Game Server hoặc Website của bạn ngay hôm nay với các gói dịch vụ lưu trữ linh hoạt, mạnh mẽ và tiết kiệm nhất.",
        "cta_button_text": "Đăng Ký Ngay",
        "cta_button_url": "\/san-pham",
        "updated_at": "2026-05-14 01:33:52",
        "background": "img_6a049cbd0b711.gif",
        "intro_gif": "img_6a049d663be5a.gif",
        "intro_duration": "5.00"
    },
    "note": "non-ajax flow"
}
---
{
    "time": "2026-05-14T11:13:40+02:00",
    "post": {
        "id": "1",
        "csrf_token": "60a5bde9759b0e576d56b71673c61f7941f306559b9c0318498cfe4eb8556c28",
        "title": "G-Server 121",
        "subtitle": "Cung cấp giải pháp máy chủ tốc độ cao, cấu hình mạnh mẽ chuyên biệt cho Game Server và Doanh nghiệp.",
        "intro_duration": "5.00",
        "partners_heading": "Đối Tác Hạ Tầng & Công Nghệ",
        "modpacks_heading": "Hỗ Trợ Đa Dạng Modpack & Nền Tảng",
        "gallery_heading": "Hình Ảnh Trải Nghiệm & Datacenter",
        "content": "",
        "uptime": "99.99%",
        "uptime_icon": "",
        "support": "24\/7\/365",
        "support_icon": "",
        "performance": "Ultra NVMe",
        "performance_icon": "",
        "section_title": [
            "Hạ tầng mạng Tiêu chuẩn Công nghiệp",
            "Tối ưu hóa cho Trải nghiệm Game Thuần túy",
            "Kích hoạt Tức thì - Hỗ trợ Tận tâm"
        ],
        "section_content": [
            "<p>G-Server vận hành trên nền tảng phần cứng mạnh mẽ với các thiết bị định tuyến từ <strong>Cisco<\/strong>, đảm bảo khả năng xử lý hàng triệu gói tin mỗi giây. Hệ thống của chúng tôi được tối ưu hóa cho các giao thức VPN (Site-to-Site, Teleworker) và định tuyến thông minh để giảm thiểu tối đa độ trễ (latency).<\/p><ul><li><strong>Chống DDoS đa tầng:<\/strong> Lọc traffic độc hại ngay tại cửa ngõ hạ tầng.<\/li><li><strong>Băng thông không giới hạn:<\/strong> Đảm bảo đường truyền luôn thông suốt kể cả trong giờ cao điểm.<\/li><\/ul>",
            "<p>Chúng tôi hiểu rằng những thay đổi về cơ chế server có thể làm hỏng các cỗ máy redstone phức tạp hay các hệ thống farm trong Minecraft. Tại G-Server, chúng tôi cam kết:<\/p><ul><li><strong>Giữ nguyên cơ chế Vanilla:<\/strong> Không can thiệp vào hành vi của Piston, Villager hay tốc độ Tick-rate của server.<\/li><li><strong>Hỗ trợ đa nền tảng:<\/strong> Dễ dàng triển khai các bản Modpack nặng như RLCraft, SkyFactory hay các Script Roleplay chuyên sâu cho GTA V mà không gặp rào cản kỹ thuật.<\/li><\/ul>",
            "<p>Thời gian của bạn là vàng. Hệ thống quản trị của G-Server cho phép khách hàng khởi tạo dịch vụ chỉ trong vài giây sau khi thanh toán thành công.<\/p><p>Đội ngũ hỗ trợ của chúng tôi bao gồm những kỹ thuật viên am hiểu sâu về quản trị hệ thống và phát triển game, sẵn sàng giúp bạn giải quyết các vấn đề từ cấu hình IP Route đến cài đặt Plugin\/Modpack phức tạp 24\/7.<\/p>"
        ],
        "years_active": "5 Năm",
        "founded_year": "2021",
        "partners_name": [
            "Viettel IDC",
            "Cisco Systems",
            "Cloudflare"
        ],
        "partners_url": [
            "https:\/\/viettelidc.com.vn",
            "https:\/\/www.cisco.com",
            "https:\/\/www.cloudflare.com"
        ],
        "partners_logo_text": [
            "\/uploads\/viettelidc_logo.png",
            "\/uploads\/cisco_logo.png",
            "\/uploads\/cloudflare_logo.png"
        ],
        "modpacks_name": [
            "Vanilla (Tối ưu cơ chế)",
            "RLCraft",
            "SkyFactory 4"
        ],
        "modpacks_url": [
            "#",
            "#",
            "#"
        ],
        "modpacks_logo_text": [
            "img_6a04c4106ca16.jpg",
            "\/uploads\/rlcraft_icon.png",
            "\/uploads\/skyfactory_icon.png"
        ],
        "gallery_title": [
            ""
        ],
        "gallery_caption": [
            ""
        ],
        "cta_heading": "Sẵn sàng bắt đầu dự án của bạn cùng G-Server?",
        "cta_text": "Khởi tạo Game Server hoặc Website của bạn ngay hôm nay với các gói dịch vụ lưu trữ linh hoạt, mạnh mẽ và tiết kiệm nhất.",
        "cta_button_text": "Đăng Ký Ngay",
        "cta_button_url": "\/san-pham",
        "image_text": "img_6a049cbd0afe2.gif",
        "background_text": "img_6a049cbd0b711.gif",
        "intro_gif_text": "img_6a049d663be5a.gif"
    },
    "files": {
        "partners_logo": {
            "name": [
                "",
                "",
                ""
            ],
            "size": [
                0,
                0,
                0
            ]
        },
        "modpacks_logo": {
            "name": [
                "",
                "",
                ""
            ],
            "size": [
                0,
                0,
                0
            ]
        },
        "gallery_images": {
            "name": [
                ""
            ],
            "size": [
                0
            ]
        },
        "image": {
            "name": "",
            "size": 0
        },
        "background": {
            "name": "",
            "size": 0
        },
        "intro_gif": {
            "name": "",
            "size": 0
        }
    },
    "about_rows": [
        {
            "id": 1,
            "title": "G-Server 121",
            "subtitle": "Cung cấp giải pháp máy chủ tốc độ cao, cấu hình mạnh mẽ chuyên biệt cho Game Server và Doanh nghiệp.",
            "services_heading": null,
            "partners_heading": "Đối Tác Hạ Tầng & Công Nghệ",
            "modpacks_heading": "Hỗ Trợ Đa Dạng Modpack & Nền Tảng",
            "gallery_heading": "Hình Ảnh Trải Nghiệm & Datacenter",
            "content": "",
            "image": "img_6a049cbd0afe2.gif",
            "admin_id": 10,
            "uptime": "99.99%",
            "support": "24\/7\/365",
            "performance": "Ultra NVMe",
            "years_active": "5 Năm",
            "founded_year": 2021,
            "partners": "[{\"name\":\"Viettel IDC\",\"url\":\"https:\\\/\\\/viettelidc.com.vn\",\"logo\":\"\\\/uploads\\\/viettelidc_logo.png\"},{\"name\":\"Cisco Systems\",\"url\":\"https:\\\/\\\/www.cisco.com\",\"logo\":\"\\\/uploads\\\/cisco_logo.png\"},{\"name\":\"Cloudflare\",\"url\":\"https:\\\/\\\/www.cloudflare.com\",\"logo\":\"\\\/uploads\\\/cloudflare_logo.png\"}]",
            "modpacks": "[{\"name\":\"Vanilla (Tối ưu cơ chế)\",\"url\":\"#\",\"logo\":\"img_6a04c4106ca16.jpg\"},{\"name\":\"RLCraft\",\"url\":\"#\",\"logo\":\"\\\/uploads\\\/rlcraft_icon.png\"},{\"name\":\"SkyFactory 4\",\"url\":\"#\",\"logo\":\"\\\/uploads\\\/skyfactory_icon.png\"}]",
            "gallery": null,
            "services": null,
            "sections": "[{\"title\":\"Hạ tầng mạng Tiêu chuẩn Công nghiệp\",\"content\":\"<p>G-Server vận hành trên nền tảng phần cứng mạnh mẽ với các thiết bị định tuyến từ <strong>Cisco<\\\/strong>, đảm bảo khả năng xử lý hàng triệu gói tin mỗi giây. Hệ thống của chúng tôi được tối ưu hóa cho các giao thức VPN (Site-to-Site, Teleworker) và định tuyến thông minh để giảm thiểu tối đa độ trễ (latency).<\\\/p><ul><li><strong>Chống DDoS đa tầng:<\\\/strong> Lọc traffic độc hại ngay tại cửa ngõ hạ tầng.<\\\/li><li><strong>Băng thông không giới hạn:<\\\/strong> Đảm bảo đường truyền luôn thông suốt kể cả trong giờ cao điểm.<\\\/li><\\\/ul>\"},{\"title\":\"Tối ưu hóa cho Trải nghiệm Game Thuần túy\",\"content\":\"<p>Chúng tôi hiểu rằng những thay đổi về cơ chế server có thể làm hỏng các cỗ máy redstone phức tạp hay các hệ thống farm trong Minecraft. Tại G-Server, chúng tôi cam kết:<\\\/p><ul><li><strong>Giữ nguyên cơ chế Vanilla:<\\\/strong> Không can thiệp vào hành vi của Piston, Villager hay tốc độ Tick-rate của server.<\\\/li><li><strong>Hỗ trợ đa nền tảng:<\\\/strong> Dễ dàng triển khai các bản Modpack nặng như RLCraft, SkyFactory hay các Script Roleplay chuyên sâu cho GTA V mà không gặp rào cản kỹ thuật.<\\\/li><\\\/ul>\"},{\"title\":\"Kích hoạt Tức thì - Hỗ trợ Tận tâm\",\"content\":\"<p>Thời gian của bạn là vàng. Hệ thống quản trị của G-Server cho phép khách hàng khởi tạo dịch vụ chỉ trong vài giây sau khi thanh toán thành công.<\\\/p><p>Đội ngũ hỗ trợ của chúng tôi bao gồm những kỹ thuật viên am hiểu sâu về quản trị hệ thống và phát triển game, sẵn sàng giúp bạn giải quyết các vấn đề từ cấu hình IP Route đến cài đặt Plugin\\\/Modpack phức tạp 24\\\/7.<\\\/p>\"}]",
            "cta_heading": "Sẵn sàng bắt đầu dự án của bạn cùng G-Server?",
            "cta_text": "Khởi tạo Game Server hoặc Website của bạn ngay hôm nay với các gói dịch vụ lưu trữ linh hoạt, mạnh mẽ và tiết kiệm nhất.",
            "cta_button_text": "Đăng Ký Ngay",
            "cta_button_url": "\/san-pham",
            "updated_at": "2026-05-14 01:33:52",
            "background": "img_6a049cbd0b711.gif",
            "intro_gif": "img_6a049d663be5a.gif",
            "intro_duration": "5.00"
        }
    ]
}
---
{
    "time": "2026-05-14T11:13:40+02:00",
    "payload": {
        "id": 1,
        "title": "G-Server 121",
        "subtitle": "Cung cấp giải pháp máy chủ tốc độ cao, cấu hình mạnh mẽ chuyên biệt cho Game Server và Doanh nghiệp.",
        "content": "",
        "image": "img_6a049cbd0afe2.gif",
        "background": "img_6a049cbd0b711.gif",
        "intro_gif": "img_6a049d663be5a.gif",
        "intro_duration": 5,
        "admin_id": 10,
        "uptime": "99.99%",
        "support": "24\/7\/365",
        "performance": "Ultra NVMe",
        "years_active": "5 Năm",
        "founded_year": 2021,
        "partners": "[{\"name\":\"Viettel IDC\",\"url\":\"https:\\\/\\\/viettelidc.com.vn\",\"logo\":\"\\\/uploads\\\/viettelidc_logo.png\"},{\"name\":\"Cisco Systems\",\"url\":\"https:\\\/\\\/www.cisco.com\",\"logo\":\"\\\/uploads\\\/cisco_logo.png\"},{\"name\":\"Cloudflare\",\"url\":\"https:\\\/\\\/www.cloudflare.com\",\"logo\":\"\\\/uploads\\\/cloudflare_logo.png\"}]",
        "modpacks": "[{\"name\":\"Vanilla (Tối ưu cơ chế)\",\"url\":\"#\",\"logo\":\"img_6a04c4106ca16.jpg\"},{\"name\":\"RLCraft\",\"url\":\"#\",\"logo\":\"\\\/uploads\\\/rlcraft_icon.png\"},{\"name\":\"SkyFactory 4\",\"url\":\"#\",\"logo\":\"\\\/uploads\\\/skyfactory_icon.png\"}]",
        "gallery": null,
        "sections": "[{\"title\":\"Hạ tầng mạng Tiêu chuẩn Công nghiệp\",\"content\":\"<p>G-Server vận hành trên nền tảng phần cứng mạnh mẽ với các thiết bị định tuyến từ <strong>Cisco<\\\/strong>, đảm bảo khả năng xử lý hàng triệu gói tin mỗi giây. Hệ thống của chúng tôi được tối ưu hóa cho các giao thức VPN (Site-to-Site, Teleworker) và định tuyến thông minh để giảm thiểu tối đa độ trễ (latency).<\\\/p><ul><li><strong>Chống DDoS đa tầng:<\\\/strong> Lọc traffic độc hại ngay tại cửa ngõ hạ tầng.<\\\/li><li><strong>Băng thông không giới hạn:<\\\/strong> Đảm bảo đường truyền luôn thông suốt kể cả trong giờ cao điểm.<\\\/li><\\\/ul>\"},{\"title\":\"Tối ưu hóa cho Trải nghiệm Game Thuần túy\",\"content\":\"<p>Chúng tôi hiểu rằng những thay đổi về cơ chế server có thể làm hỏng các cỗ máy redstone phức tạp hay các hệ thống farm trong Minecraft. Tại G-Server, chúng tôi cam kết:<\\\/p><ul><li><strong>Giữ nguyên cơ chế Vanilla:<\\\/strong> Không can thiệp vào hành vi của Piston, Villager hay tốc độ Tick-rate của server.<\\\/li><li><strong>Hỗ trợ đa nền tảng:<\\\/strong> Dễ dàng triển khai các bản Modpack nặng như RLCraft, SkyFactory hay các Script Roleplay chuyên sâu cho GTA V mà không gặp rào cản kỹ thuật.<\\\/li><\\\/ul>\"},{\"title\":\"Kích hoạt Tức thì - Hỗ trợ Tận tâm\",\"content\":\"<p>Thời gian của bạn là vàng. Hệ thống quản trị của G-Server cho phép khách hàng khởi tạo dịch vụ chỉ trong vài giây sau khi thanh toán thành công.<\\\/p><p>Đội ngũ hỗ trợ của chúng tôi bao gồm những kỹ thuật viên am hiểu sâu về quản trị hệ thống và phát triển game, sẵn sàng giúp bạn giải quyết các vấn đề từ cấu hình IP Route đến cài đặt Plugin\\\/Modpack phức tạp 24\\\/7.<\\\/p>\"}]",
        "partners_heading": "Đối Tác Hạ Tầng & Công Nghệ",
        "modpacks_heading": "Hỗ Trợ Đa Dạng Modpack & Nền Tảng",
        "gallery_heading": "Hình Ảnh Trải Nghiệm & Datacenter",
        "cta_heading": "Sẵn sàng bắt đầu dự án của bạn cùng G-Server?",
        "cta_text": "Khởi tạo Game Server hoặc Website của bạn ngay hôm nay với các gói dịch vụ lưu trữ linh hoạt, mạnh mẽ và tiết kiệm nhất.",
        "cta_button_text": "Đăng Ký Ngay",
        "cta_button_url": "\/san-pham",
        "uptime_icon": "",
        "support_icon": "",
        "performance_icon": ""
    },
    "saved": {
        "id": 1,
        "title": "G-Server 121",
        "subtitle": "Cung cấp giải pháp máy chủ tốc độ cao, cấu hình mạnh mẽ chuyên biệt cho Game Server và Doanh nghiệp.",
        "services_heading": null,
        "partners_heading": "Đối Tác Hạ Tầng & Công Nghệ",
        "modpacks_heading": "Hỗ Trợ Đa Dạng Modpack & Nền Tảng",
        "gallery_heading": "Hình Ảnh Trải Nghiệm & Datacenter",
        "content": "",
        "image": "img_6a049cbd0afe2.gif",
        "admin_id": 10,
        "uptime": "99.99%",
        "support": "24\/7\/365",
        "performance": "Ultra NVMe",
        "years_active": "5 Năm",
        "founded_year": 2021,
        "partners": "[{\"name\":\"Viettel IDC\",\"url\":\"https:\\\/\\\/viettelidc.com.vn\",\"logo\":\"\\\/uploads\\\/viettelidc_logo.png\"},{\"name\":\"Cisco Systems\",\"url\":\"https:\\\/\\\/www.cisco.com\",\"logo\":\"\\\/uploads\\\/cisco_logo.png\"},{\"name\":\"Cloudflare\",\"url\":\"https:\\\/\\\/www.cloudflare.com\",\"logo\":\"\\\/uploads\\\/cloudflare_logo.png\"}]",
        "modpacks": "[{\"name\":\"Vanilla (Tối ưu cơ chế)\",\"url\":\"#\",\"logo\":\"img_6a04c4106ca16.jpg\"},{\"name\":\"RLCraft\",\"url\":\"#\",\"logo\":\"\\\/uploads\\\/rlcraft_icon.png\"},{\"name\":\"SkyFactory 4\",\"url\":\"#\",\"logo\":\"\\\/uploads\\\/skyfactory_icon.png\"}]",
        "gallery": null,
        "services": null,
        "sections": "[{\"title\":\"Hạ tầng mạng Tiêu chuẩn Công nghiệp\",\"content\":\"<p>G-Server vận hành trên nền tảng phần cứng mạnh mẽ với các thiết bị định tuyến từ <strong>Cisco<\\\/strong>, đảm bảo khả năng xử lý hàng triệu gói tin mỗi giây. Hệ thống của chúng tôi được tối ưu hóa cho các giao thức VPN (Site-to-Site, Teleworker) và định tuyến thông minh để giảm thiểu tối đa độ trễ (latency).<\\\/p><ul><li><strong>Chống DDoS đa tầng:<\\\/strong> Lọc traffic độc hại ngay tại cửa ngõ hạ tầng.<\\\/li><li><strong>Băng thông không giới hạn:<\\\/strong> Đảm bảo đường truyền luôn thông suốt kể cả trong giờ cao điểm.<\\\/li><\\\/ul>\"},{\"title\":\"Tối ưu hóa cho Trải nghiệm Game Thuần túy\",\"content\":\"<p>Chúng tôi hiểu rằng những thay đổi về cơ chế server có thể làm hỏng các cỗ máy redstone phức tạp hay các hệ thống farm trong Minecraft. Tại G-Server, chúng tôi cam kết:<\\\/p><ul><li><strong>Giữ nguyên cơ chế Vanilla:<\\\/strong> Không can thiệp vào hành vi của Piston, Villager hay tốc độ Tick-rate của server.<\\\/li><li><strong>Hỗ trợ đa nền tảng:<\\\/strong> Dễ dàng triển khai các bản Modpack nặng như RLCraft, SkyFactory hay các Script Roleplay chuyên sâu cho GTA V mà không gặp rào cản kỹ thuật.<\\\/li><\\\/ul>\"},{\"title\":\"Kích hoạt Tức thì - Hỗ trợ Tận tâm\",\"content\":\"<p>Thời gian của bạn là vàng. Hệ thống quản trị của G-Server cho phép khách hàng khởi tạo dịch vụ chỉ trong vài giây sau khi thanh toán thành công.<\\\/p><p>Đội ngũ hỗ trợ của chúng tôi bao gồm những kỹ thuật viên am hiểu sâu về quản trị hệ thống và phát triển game, sẵn sàng giúp bạn giải quyết các vấn đề từ cấu hình IP Route đến cài đặt Plugin\\\/Modpack phức tạp 24\\\/7.<\\\/p>\"}]",
        "cta_heading": "Sẵn sàng bắt đầu dự án của bạn cùng G-Server?",
        "cta_text": "Khởi tạo Game Server hoặc Website của bạn ngay hôm nay với các gói dịch vụ lưu trữ linh hoạt, mạnh mẽ và tiết kiệm nhất.",
        "cta_button_text": "Đăng Ký Ngay",
        "cta_button_url": "\/san-pham",
        "updated_at": "2026-05-14 01:33:52",
        "background": "img_6a049cbd0b711.gif",
        "intro_gif": "img_6a049d663be5a.gif",
        "intro_duration": "5.00"
    },
    "note": "non-ajax flow"
}
---
{
    "time": "2026-05-14T11:57:40+02:00",
    "post": {
        "id": "1",
        "csrf_token": "15c96d7b36a5937cdf757831e8c3e1a19c9ac56ae5437323f82f62fe23d85982",
        "title": "G-Server 121",
        "subtitle": "Cung cấp giải pháp máy chủ tốc độ cao, cấu hình mạnh mẽ chuyên biệt cho Game Server và Doanh nghiệp.",
        "intro_duration": "5.00",
        "partners_heading": "Đối Tác Hạ Tầng & Công Nghệ",
        "modpacks_heading": "Hỗ Trợ Đa Dạng Modpack & Nền Tảng",
        "gallery_heading": "Hình Ảnh Trải Nghiệm & Datacenter",
        "content": "",
        "uptime": "99.99%",
        "uptime_icon": "",
        "support": "24\/7\/365",
        "support_icon": "",
        "performance": "Ultra NVMe",
        "performance_icon": "",
        "section_title": [
            "Hạ tầng mạng Tiêu chuẩn Công nghiệp",
            "Tối ưu hóa cho Trải nghiệm Game Thuần túy",
            "Kích hoạt Tức thì - Hỗ trợ Tận tâm"
        ],
        "section_content": [
            "<p>G-Server vận hành trên nền tảng phần cứng mạnh mẽ với các thiết bị định tuyến từ <strong>Cisco<\/strong>, đảm bảo khả năng xử lý hàng triệu gói tin mỗi giây. Hệ thống của chúng tôi được tối ưu hóa cho các giao thức VPN (Site-to-Site, Teleworker) và định tuyến thông minh để giảm thiểu tối đa độ trễ (latency).<\/p><ul><li><strong>Chống DDoS đa tầng:<\/strong> Lọc traffic độc hại ngay tại cửa ngõ hạ tầng.<\/li><li><strong>Băng thông không giới hạn:<\/strong> Đảm bảo đường truyền luôn thông suốt kể cả trong giờ cao điểm.<\/li><\/ul>",
            "<p>Chúng tôi hiểu rằng những thay đổi về cơ chế server có thể làm hỏng các cỗ máy redstone phức tạp hay các hệ thống farm trong Minecraft. Tại G-Server, chúng tôi cam kết:<\/p><ul><li><strong>Giữ nguyên cơ chế Vanilla:<\/strong> Không can thiệp vào hành vi của Piston, Villager hay tốc độ Tick-rate của server.<\/li><li><strong>Hỗ trợ đa nền tảng:<\/strong> Dễ dàng triển khai các bản Modpack nặng như RLCraft, SkyFactory hay các Script Roleplay chuyên sâu cho GTA V mà không gặp rào cản kỹ thuật.<\/li><\/ul>",
            "<p>Thời gian của bạn là vàng. Hệ thống quản trị của G-Server cho phép khách hàng khởi tạo dịch vụ chỉ trong vài giây sau khi thanh toán thành công.<\/p><p>Đội ngũ hỗ trợ của chúng tôi bao gồm những kỹ thuật viên am hiểu sâu về quản trị hệ thống và phát triển game, sẵn sàng giúp bạn giải quyết các vấn đề từ cấu hình IP Route đến cài đặt Plugin\/Modpack phức tạp 24\/7.<\/p>"
        ],
        "years_active": "5 Năm",
        "founded_year": "2021",
        "partners_name": [
            "Viettel IDC",
            "Cisco Systems",
            "Cloudflare"
        ],
        "partners_url": [
            "https:\/\/viettelidc.com.vn",
            "https:\/\/www.cisco.com",
            "https:\/\/www.cloudflare.com"
        ],
        "partners_logo_text": [
            "\/uploads\/viettelidc_logo.png",
            "\/uploads\/cisco_logo.png",
            "\/uploads\/cloudflare_logo.png"
        ],
        "modpacks_name": [
            "Vanilla (Tối ưu cơ chế)",
            "RLCraft",
            "SkyFactory 4"
        ],
        "modpacks_url": [
            "#",
            "#",
            "#"
        ],
        "modpacks_logo_text": [
            "img_6a04c4106ca16.jpg",
            "\/uploads\/rlcraft_icon.png",
            "\/uploads\/skyfactory_icon.png"
        ],
        "gallery_title": [
            ""
        ],
        "gallery_caption": [
            ""
        ],
        "cta_heading": "Sẵn sàng bắt đầu dự án của bạn cùng G-Server?",
        "cta_text": "Khởi tạo Game Server hoặc Website của bạn ngay hôm nay với các gói dịch vụ lưu trữ linh hoạt, mạnh mẽ và tiết kiệm nhất.",
        "cta_button_text": "Đăng Ký Ngay",
        "cta_button_url": "\/san-pham",
        "image_text": "img_6a049cbd0afe2.gif",
        "background_text": "img_6a049cbd0b711.gif",
        "intro_gif_text": "img_6a049d663be5a.gif"
    },
    "files": {
        "partners_logo": {
            "name": [
                "",
                "",
                ""
            ],
            "size": [
                0,
                0,
                0
            ]
        },
        "modpacks_logo": {
            "name": [
                "",
                "",
                ""
            ],
            "size": [
                0,
                0,
                0
            ]
        },
        "gallery_images": {
            "name": [
                ""
            ],
            "size": [
                0
            ]
        },
        "image": {
            "name": "",
            "size": 0
        },
        "background": {
            "name": "",
            "size": 0
        },
        "intro_gif": {
            "name": "",
            "size": 0
        }
    },
    "about_rows": [
        {
            "id": 1,
            "title": "G-Server 121",
            "subtitle": "Cung cấp giải pháp máy chủ tốc độ cao, cấu hình mạnh mẽ chuyên biệt cho Game Server và Doanh nghiệp.",
            "services_heading": null,
            "partners_heading": "Đối Tác Hạ Tầng & Công Nghệ",
            "modpacks_heading": "Hỗ Trợ Đa Dạng Modpack & Nền Tảng",
            "gallery_heading": "Hình Ảnh Trải Nghiệm & Datacenter",
            "content": "",
            "image": "img_6a049cbd0afe2.gif",
            "admin_id": 10,
            "uptime": "99.99%",
            "support": "24\/7\/365",
            "performance": "Ultra NVMe",
            "years_active": "5 Năm",
            "founded_year": 2021,
            "partners": "[{\"name\":\"Viettel IDC\",\"url\":\"https:\\\/\\\/viettelidc.com.vn\",\"logo\":\"\\\/uploads\\\/viettelidc_logo.png\"},{\"name\":\"Cisco Systems\",\"url\":\"https:\\\/\\\/www.cisco.com\",\"logo\":\"\\\/uploads\\\/cisco_logo.png\"},{\"name\":\"Cloudflare\",\"url\":\"https:\\\/\\\/www.cloudflare.com\",\"logo\":\"\\\/uploads\\\/cloudflare_logo.png\"}]",
            "modpacks": "[{\"name\":\"Vanilla (Tối ưu cơ chế)\",\"url\":\"#\",\"logo\":\"img_6a04c4106ca16.jpg\"},{\"name\":\"RLCraft\",\"url\":\"#\",\"logo\":\"\\\/uploads\\\/rlcraft_icon.png\"},{\"name\":\"SkyFactory 4\",\"url\":\"#\",\"logo\":\"\\\/uploads\\\/skyfactory_icon.png\"}]",
            "gallery": null,
            "services": null,
            "sections": "[{\"title\":\"Hạ tầng mạng Tiêu chuẩn Công nghiệp\",\"content\":\"<p>G-Server vận hành trên nền tảng phần cứng mạnh mẽ với các thiết bị định tuyến từ <strong>Cisco<\\\/strong>, đảm bảo khả năng xử lý hàng triệu gói tin mỗi giây. Hệ thống của chúng tôi được tối ưu hóa cho các giao thức VPN (Site-to-Site, Teleworker) và định tuyến thông minh để giảm thiểu tối đa độ trễ (latency).<\\\/p><ul><li><strong>Chống DDoS đa tầng:<\\\/strong> Lọc traffic độc hại ngay tại cửa ngõ hạ tầng.<\\\/li><li><strong>Băng thông không giới hạn:<\\\/strong> Đảm bảo đường truyền luôn thông suốt kể cả trong giờ cao điểm.<\\\/li><\\\/ul>\"},{\"title\":\"Tối ưu hóa cho Trải nghiệm Game Thuần túy\",\"content\":\"<p>Chúng tôi hiểu rằng những thay đổi về cơ chế server có thể làm hỏng các cỗ máy redstone phức tạp hay các hệ thống farm trong Minecraft. Tại G-Server, chúng tôi cam kết:<\\\/p><ul><li><strong>Giữ nguyên cơ chế Vanilla:<\\\/strong> Không can thiệp vào hành vi của Piston, Villager hay tốc độ Tick-rate của server.<\\\/li><li><strong>Hỗ trợ đa nền tảng:<\\\/strong> Dễ dàng triển khai các bản Modpack nặng như RLCraft, SkyFactory hay các Script Roleplay chuyên sâu cho GTA V mà không gặp rào cản kỹ thuật.<\\\/li><\\\/ul>\"},{\"title\":\"Kích hoạt Tức thì - Hỗ trợ Tận tâm\",\"content\":\"<p>Thời gian của bạn là vàng. Hệ thống quản trị của G-Server cho phép khách hàng khởi tạo dịch vụ chỉ trong vài giây sau khi thanh toán thành công.<\\\/p><p>Đội ngũ hỗ trợ của chúng tôi bao gồm những kỹ thuật viên am hiểu sâu về quản trị hệ thống và phát triển game, sẵn sàng giúp bạn giải quyết các vấn đề từ cấu hình IP Route đến cài đặt Plugin\\\/Modpack phức tạp 24\\\/7.<\\\/p>\"}]",
            "cta_heading": "Sẵn sàng bắt đầu dự án của bạn cùng G-Server?",
            "cta_text": "Khởi tạo Game Server hoặc Website của bạn ngay hôm nay với các gói dịch vụ lưu trữ linh hoạt, mạnh mẽ và tiết kiệm nhất.",
            "cta_button_text": "Đăng Ký Ngay",
            "cta_button_url": "\/san-pham",
            "updated_at": "2026-05-14 01:33:52",
            "background": "img_6a049cbd0b711.gif",
            "intro_gif": "img_6a049d663be5a.gif",
            "intro_duration": "5.00"
        }
    ]
}
---
{
    "time": "2026-05-14T11:57:40+02:00",
    "payload": {
        "id": 1,
        "title": "G-Server 121",
        "subtitle": "Cung cấp giải pháp máy chủ tốc độ cao, cấu hình mạnh mẽ chuyên biệt cho Game Server và Doanh nghiệp.",
        "content": "",
        "image": "img_6a049cbd0afe2.gif",
        "background": "img_6a049cbd0b711.gif",
        "intro_gif": "img_6a049d663be5a.gif",
        "intro_duration": 5,
        "admin_id": 10,
        "uptime": "99.99%",
        "support": "24\/7\/365",
        "performance": "Ultra NVMe",
        "years_active": "5 Năm",
        "founded_year": 2021,
        "partners": "[{\"name\":\"Viettel IDC\",\"url\":\"https:\\\/\\\/viettelidc.com.vn\",\"logo\":\"\\\/uploads\\\/viettelidc_logo.png\"},{\"name\":\"Cisco Systems\",\"url\":\"https:\\\/\\\/www.cisco.com\",\"logo\":\"\\\/uploads\\\/cisco_logo.png\"},{\"name\":\"Cloudflare\",\"url\":\"https:\\\/\\\/www.cloudflare.com\",\"logo\":\"\\\/uploads\\\/cloudflare_logo.png\"}]",
        "modpacks": "[{\"name\":\"Vanilla (Tối ưu cơ chế)\",\"url\":\"#\",\"logo\":\"img_6a04c4106ca16.jpg\"},{\"name\":\"RLCraft\",\"url\":\"#\",\"logo\":\"\\\/uploads\\\/rlcraft_icon.png\"},{\"name\":\"SkyFactory 4\",\"url\":\"#\",\"logo\":\"\\\/uploads\\\/skyfactory_icon.png\"}]",
        "gallery": null,
        "sections": "[{\"title\":\"Hạ tầng mạng Tiêu chuẩn Công nghiệp\",\"content\":\"<p>G-Server vận hành trên nền tảng phần cứng mạnh mẽ với các thiết bị định tuyến từ <strong>Cisco<\\\/strong>, đảm bảo khả năng xử lý hàng triệu gói tin mỗi giây. Hệ thống của chúng tôi được tối ưu hóa cho các giao thức VPN (Site-to-Site, Teleworker) và định tuyến thông minh để giảm thiểu tối đa độ trễ (latency).<\\\/p><ul><li><strong>Chống DDoS đa tầng:<\\\/strong> Lọc traffic độc hại ngay tại cửa ngõ hạ tầng.<\\\/li><li><strong>Băng thông không giới hạn:<\\\/strong> Đảm bảo đường truyền luôn thông suốt kể cả trong giờ cao điểm.<\\\/li><\\\/ul>\"},{\"title\":\"Tối ưu hóa cho Trải nghiệm Game Thuần túy\",\"content\":\"<p>Chúng tôi hiểu rằng những thay đổi về cơ chế server có thể làm hỏng các cỗ máy redstone phức tạp hay các hệ thống farm trong Minecraft. Tại G-Server, chúng tôi cam kết:<\\\/p><ul><li><strong>Giữ nguyên cơ chế Vanilla:<\\\/strong> Không can thiệp vào hành vi của Piston, Villager hay tốc độ Tick-rate của server.<\\\/li><li><strong>Hỗ trợ đa nền tảng:<\\\/strong> Dễ dàng triển khai các bản Modpack nặng như RLCraft, SkyFactory hay các Script Roleplay chuyên sâu cho GTA V mà không gặp rào cản kỹ thuật.<\\\/li><\\\/ul>\"},{\"title\":\"Kích hoạt Tức thì - Hỗ trợ Tận tâm\",\"content\":\"<p>Thời gian của bạn là vàng. Hệ thống quản trị của G-Server cho phép khách hàng khởi tạo dịch vụ chỉ trong vài giây sau khi thanh toán thành công.<\\\/p><p>Đội ngũ hỗ trợ của chúng tôi bao gồm những kỹ thuật viên am hiểu sâu về quản trị hệ thống và phát triển game, sẵn sàng giúp bạn giải quyết các vấn đề từ cấu hình IP Route đến cài đặt Plugin\\\/Modpack phức tạp 24\\\/7.<\\\/p>\"}]",
        "partners_heading": "Đối Tác Hạ Tầng & Công Nghệ",
        "modpacks_heading": "Hỗ Trợ Đa Dạng Modpack & Nền Tảng",
        "gallery_heading": "Hình Ảnh Trải Nghiệm & Datacenter",
        "cta_heading": "Sẵn sàng bắt đầu dự án của bạn cùng G-Server?",
        "cta_text": "Khởi tạo Game Server hoặc Website của bạn ngay hôm nay với các gói dịch vụ lưu trữ linh hoạt, mạnh mẽ và tiết kiệm nhất.",
        "cta_button_text": "Đăng Ký Ngay",
        "cta_button_url": "\/san-pham",
        "uptime_icon": "",
        "support_icon": "",
        "performance_icon": ""
    },
    "saved": {
        "id": 1,
        "title": "G-Server 121",
        "subtitle": "Cung cấp giải pháp máy chủ tốc độ cao, cấu hình mạnh mẽ chuyên biệt cho Game Server và Doanh nghiệp.",
        "services_heading": null,
        "partners_heading": "Đối Tác Hạ Tầng & Công Nghệ",
        "modpacks_heading": "Hỗ Trợ Đa Dạng Modpack & Nền Tảng",
        "gallery_heading": "Hình Ảnh Trải Nghiệm & Datacenter",
        "content": "",
        "image": "img_6a049cbd0afe2.gif",
        "admin_id": 10,
        "uptime": "99.99%",
        "support": "24\/7\/365",
        "performance": "Ultra NVMe",
        "years_active": "5 Năm",
        "founded_year": 2021,
        "partners": "[{\"name\":\"Viettel IDC\",\"url\":\"https:\\\/\\\/viettelidc.com.vn\",\"logo\":\"\\\/uploads\\\/viettelidc_logo.png\"},{\"name\":\"Cisco Systems\",\"url\":\"https:\\\/\\\/www.cisco.com\",\"logo\":\"\\\/uploads\\\/cisco_logo.png\"},{\"name\":\"Cloudflare\",\"url\":\"https:\\\/\\\/www.cloudflare.com\",\"logo\":\"\\\/uploads\\\/cloudflare_logo.png\"}]",
        "modpacks": "[{\"name\":\"Vanilla (Tối ưu cơ chế)\",\"url\":\"#\",\"logo\":\"img_6a04c4106ca16.jpg\"},{\"name\":\"RLCraft\",\"url\":\"#\",\"logo\":\"\\\/uploads\\\/rlcraft_icon.png\"},{\"name\":\"SkyFactory 4\",\"url\":\"#\",\"logo\":\"\\\/uploads\\\/skyfactory_icon.png\"}]",
        "gallery": null,
        "services": null,
        "sections": "[{\"title\":\"Hạ tầng mạng Tiêu chuẩn Công nghiệp\",\"content\":\"<p>G-Server vận hành trên nền tảng phần cứng mạnh mẽ với các thiết bị định tuyến từ <strong>Cisco<\\\/strong>, đảm bảo khả năng xử lý hàng triệu gói tin mỗi giây. Hệ thống của chúng tôi được tối ưu hóa cho các giao thức VPN (Site-to-Site, Teleworker) và định tuyến thông minh để giảm thiểu tối đa độ trễ (latency).<\\\/p><ul><li><strong>Chống DDoS đa tầng:<\\\/strong> Lọc traffic độc hại ngay tại cửa ngõ hạ tầng.<\\\/li><li><strong>Băng thông không giới hạn:<\\\/strong> Đảm bảo đường truyền luôn thông suốt kể cả trong giờ cao điểm.<\\\/li><\\\/ul>\"},{\"title\":\"Tối ưu hóa cho Trải nghiệm Game Thuần túy\",\"content\":\"<p>Chúng tôi hiểu rằng những thay đổi về cơ chế server có thể làm hỏng các cỗ máy redstone phức tạp hay các hệ thống farm trong Minecraft. Tại G-Server, chúng tôi cam kết:<\\\/p><ul><li><strong>Giữ nguyên cơ chế Vanilla:<\\\/strong> Không can thiệp vào hành vi của Piston, Villager hay tốc độ Tick-rate của server.<\\\/li><li><strong>Hỗ trợ đa nền tảng:<\\\/strong> Dễ dàng triển khai các bản Modpack nặng như RLCraft, SkyFactory hay các Script Roleplay chuyên sâu cho GTA V mà không gặp rào cản kỹ thuật.<\\\/li><\\\/ul>\"},{\"title\":\"Kích hoạt Tức thì - Hỗ trợ Tận tâm\",\"content\":\"<p>Thời gian của bạn là vàng. Hệ thống quản trị của G-Server cho phép khách hàng khởi tạo dịch vụ chỉ trong vài giây sau khi thanh toán thành công.<\\\/p><p>Đội ngũ hỗ trợ của chúng tôi bao gồm những kỹ thuật viên am hiểu sâu về quản trị hệ thống và phát triển game, sẵn sàng giúp bạn giải quyết các vấn đề từ cấu hình IP Route đến cài đặt Plugin\\\/Modpack phức tạp 24\\\/7.<\\\/p>\"}]",
        "cta_heading": "Sẵn sàng bắt đầu dự án của bạn cùng G-Server?",
        "cta_text": "Khởi tạo Game Server hoặc Website của bạn ngay hôm nay với các gói dịch vụ lưu trữ linh hoạt, mạnh mẽ và tiết kiệm nhất.",
        "cta_button_text": "Đăng Ký Ngay",
        "cta_button_url": "\/san-pham",
        "updated_at": "2026-05-14 01:33:52",
        "background": "img_6a049cbd0b711.gif",
        "intro_gif": "img_6a049d663be5a.gif",
        "intro_duration": "5.00"
    },
    "note": "non-ajax flow"
}
---
{
    "time": "2026-05-14T12:14:06+02:00",
    "post": {
        "id": "1",
        "csrf_token": "15c96d7b36a5937cdf757831e8c3e1a19c9ac56ae5437323f82f62fe23d85982",
        "title": "G-Server 121",
        "subtitle": "Cung cấp giải pháp máy chủ tốc độ cao, cấu hình mạnh mẽ chuyên biệt cho Game Server và Doanh nghiệp.",
        "intro_duration": "5.00",
        "partners_heading": "Đối Tác Hạ Tầng & Công Nghệ",
        "modpacks_heading": "Hỗ Trợ Đa Dạng Modpack & Nền Tảng",
        "gallery_heading": "Hình Ảnh Trải Nghiệm & Datacenter",
        "content": "",
        "uptime": "99.99%",
        "uptime_icon": "",
        "support": "24\/7\/365",
        "support_icon": "",
        "performance": "Ultra NVMe",
        "performance_icon": "",
        "section_title": [
            "Hạ tầng mạng Tiêu chuẩn Công nghiệp",
            "Tối ưu hóa cho Trải nghiệm Game Thuần túy",
            "Kích hoạt Tức thì - Hỗ trợ Tận tâm"
        ],
        "section_content": [
            "<p>G-Server vận hành trên nền tảng phần cứng mạnh mẽ với các thiết bị định tuyến từ <strong>Cisco<\/strong>, đảm bảo khả năng xử lý hàng triệu gói tin mỗi giây. Hệ thống của chúng tôi được tối ưu hóa cho các giao thức VPN (Site-to-Site, Teleworker) và định tuyến thông minh để giảm thiểu tối đa độ trễ (latency).<\/p><ul><li><strong>Chống DDoS đa tầng:<\/strong> Lọc traffic độc hại ngay tại cửa ngõ hạ tầng.<\/li><li><strong>Băng thông không giới hạn:<\/strong> Đảm bảo đường truyền luôn thông suốt kể cả trong giờ cao điểm.<\/li><\/ul>",
            "<p>Chúng tôi hiểu rằng những thay đổi về cơ chế server có thể làm hỏng các cỗ máy redstone phức tạp hay các hệ thống farm trong Minecraft. Tại G-Server, chúng tôi cam kết:<\/p><ul><li><strong>Giữ nguyên cơ chế Vanilla:<\/strong> Không can thiệp vào hành vi của Piston, Villager hay tốc độ Tick-rate của server.<\/li><li><strong>Hỗ trợ đa nền tảng:<\/strong> Dễ dàng triển khai các bản Modpack nặng như RLCraft, SkyFactory hay các Script Roleplay chuyên sâu cho GTA V mà không gặp rào cản kỹ thuật.<\/li><\/ul>",
            "<p>Thời gian của bạn là vàng. Hệ thống quản trị của G-Server cho phép khách hàng khởi tạo dịch vụ chỉ trong vài giây sau khi thanh toán thành công.<\/p><p>Đội ngũ hỗ trợ của chúng tôi bao gồm những kỹ thuật viên am hiểu sâu về quản trị hệ thống và phát triển game, sẵn sàng giúp bạn giải quyết các vấn đề từ cấu hình IP Route đến cài đặt Plugin\/Modpack phức tạp 24\/7.<\/p>"
        ],
        "years_active": "5 Năm",
        "founded_year": "2021",
        "partners_name": [
            "Viettel IDC",
            "Cisco Systems",
            "Cloudflare"
        ],
        "partners_url": [
            "https:\/\/viettelidc.com.vn",
            "https:\/\/www.cisco.com",
            "https:\/\/www.cloudflare.com"
        ],
        "partners_logo_text": [
            "\/uploads\/viettelidc_logo.png",
            "\/uploads\/cisco_logo.png",
            "\/uploads\/cloudflare_logo.png"
        ],
        "modpacks_name": [
            "Vanilla (Tối ưu cơ chế)",
            "RLCraft",
            "SkyFactory 4"
        ],
        "modpacks_url": [
            "#",
            "#",
            "#"
        ],
        "modpacks_logo_text": [
            "img_6a04c4106ca16.jpg",
            "\/uploads\/rlcraft_icon.png",
            "\/uploads\/skyfactory_icon.png"
        ],
        "gallery_title": [
            ""
        ],
        "gallery_caption": [
            ""
        ],
        "cta_heading": "Sẵn sàng bắt đầu dự án của bạn cùng G-Server?",
        "cta_text": "Khởi tạo Game Server hoặc Website của bạn ngay hôm nay với các gói dịch vụ lưu trữ linh hoạt, mạnh mẽ và tiết kiệm nhất.",
        "cta_button_text": "Đăng Ký Ngay",
        "cta_button_url": "\/san-pham",
        "image_text": "img_6a049cbd0afe2.gif",
        "background_text": "img_6a049cbd0b711.gif",
        "intro_gif_text": "img_6a049d663be5a.gif"
    },
    "files": {
        "partners_logo": {
            "name": [
                "",
                "",
                ""
            ],
            "size": [
                0,
                0,
                0
            ]
        },
        "modpacks_logo": {
            "name": [
                "",
                "",
                ""
            ],
            "size": [
                0,
                0,
                0
            ]
        },
        "gallery_images": {
            "name": [
                ""
            ],
            "size": [
                0
            ]
        },
        "image": {
            "name": "",
            "size": 0
        },
        "background": {
            "name": "",
            "size": 0
        },
        "intro_gif": {
            "name": "",
            "size": 0
        }
    },
    "about_rows": [
        {
            "id": 1,
            "title": "G-Server 121",
            "subtitle": "Cung cấp giải pháp máy chủ tốc độ cao, cấu hình mạnh mẽ chuyên biệt cho Game Server và Doanh nghiệp.",
            "services_heading": null,
            "partners_heading": "Đối Tác Hạ Tầng & Công Nghệ",
            "modpacks_heading": "Hỗ Trợ Đa Dạng Modpack & Nền Tảng",
            "gallery_heading": "Hình Ảnh Trải Nghiệm & Datacenter",
            "content": "",
            "image": "img_6a049cbd0afe2.gif",
            "admin_id": 10,
            "uptime": "99.99%",
            "support": "24\/7\/365",
            "performance": "Ultra NVMe",
            "years_active": "5 Năm",
            "founded_year": 2021,
            "partners": "[{\"name\":\"Viettel IDC\",\"url\":\"https:\\\/\\\/viettelidc.com.vn\",\"logo\":\"\\\/uploads\\\/viettelidc_logo.png\"},{\"name\":\"Cisco Systems\",\"url\":\"https:\\\/\\\/www.cisco.com\",\"logo\":\"\\\/uploads\\\/cisco_logo.png\"},{\"name\":\"Cloudflare\",\"url\":\"https:\\\/\\\/www.cloudflare.com\",\"logo\":\"\\\/uploads\\\/cloudflare_logo.png\"}]",
            "modpacks": "[{\"name\":\"Vanilla (Tối ưu cơ chế)\",\"url\":\"#\",\"logo\":\"img_6a04c4106ca16.jpg\"},{\"name\":\"RLCraft\",\"url\":\"#\",\"logo\":\"\\\/uploads\\\/rlcraft_icon.png\"},{\"name\":\"SkyFactory 4\",\"url\":\"#\",\"logo\":\"\\\/uploads\\\/skyfactory_icon.png\"}]",
            "gallery": null,
            "services": null,
            "sections": "[{\"title\":\"Hạ tầng mạng Tiêu chuẩn Công nghiệp\",\"content\":\"<p>G-Server vận hành trên nền tảng phần cứng mạnh mẽ với các thiết bị định tuyến từ <strong>Cisco<\\\/strong>, đảm bảo khả năng xử lý hàng triệu gói tin mỗi giây. Hệ thống của chúng tôi được tối ưu hóa cho các giao thức VPN (Site-to-Site, Teleworker) và định tuyến thông minh để giảm thiểu tối đa độ trễ (latency).<\\\/p><ul><li><strong>Chống DDoS đa tầng:<\\\/strong> Lọc traffic độc hại ngay tại cửa ngõ hạ tầng.<\\\/li><li><strong>Băng thông không giới hạn:<\\\/strong> Đảm bảo đường truyền luôn thông suốt kể cả trong giờ cao điểm.<\\\/li><\\\/ul>\"},{\"title\":\"Tối ưu hóa cho Trải nghiệm Game Thuần túy\",\"content\":\"<p>Chúng tôi hiểu rằng những thay đổi về cơ chế server có thể làm hỏng các cỗ máy redstone phức tạp hay các hệ thống farm trong Minecraft. Tại G-Server, chúng tôi cam kết:<\\\/p><ul><li><strong>Giữ nguyên cơ chế Vanilla:<\\\/strong> Không can thiệp vào hành vi của Piston, Villager hay tốc độ Tick-rate của server.<\\\/li><li><strong>Hỗ trợ đa nền tảng:<\\\/strong> Dễ dàng triển khai các bản Modpack nặng như RLCraft, SkyFactory hay các Script Roleplay chuyên sâu cho GTA V mà không gặp rào cản kỹ thuật.<\\\/li><\\\/ul>\"},{\"title\":\"Kích hoạt Tức thì - Hỗ trợ Tận tâm\",\"content\":\"<p>Thời gian của bạn là vàng. Hệ thống quản trị của G-Server cho phép khách hàng khởi tạo dịch vụ chỉ trong vài giây sau khi thanh toán thành công.<\\\/p><p>Đội ngũ hỗ trợ của chúng tôi bao gồm những kỹ thuật viên am hiểu sâu về quản trị hệ thống và phát triển game, sẵn sàng giúp bạn giải quyết các vấn đề từ cấu hình IP Route đến cài đặt Plugin\\\/Modpack phức tạp 24\\\/7.<\\\/p>\"}]",
            "cta_heading": "Sẵn sàng bắt đầu dự án của bạn cùng G-Server?",
            "cta_text": "Khởi tạo Game Server hoặc Website của bạn ngay hôm nay với các gói dịch vụ lưu trữ linh hoạt, mạnh mẽ và tiết kiệm nhất.",
            "cta_button_text": "Đăng Ký Ngay",
            "cta_button_url": "\/san-pham",
            "updated_at": "2026-05-14 01:33:52",
            "background": "img_6a049cbd0b711.gif",
            "intro_gif": "img_6a049d663be5a.gif",
            "intro_duration": "5.00"
        }
    ]
}
---
{
    "time": "2026-05-14T12:14:06+02:00",
    "payload": {
        "id": 1,
        "title": "G-Server 121",
        "subtitle": "Cung cấp giải pháp máy chủ tốc độ cao, cấu hình mạnh mẽ chuyên biệt cho Game Server và Doanh nghiệp.",
        "content": "",
        "image": "img_6a049cbd0afe2.gif",
        "background": "img_6a049cbd0b711.gif",
        "intro_gif": "img_6a049d663be5a.gif",
        "intro_duration": 5,
        "admin_id": 10,
        "uptime": "99.99%",
        "support": "24\/7\/365",
        "performance": "Ultra NVMe",
        "years_active": "5 Năm",
        "founded_year": 2021,
        "partners": "[{\"name\":\"Viettel IDC\",\"url\":\"https:\\\/\\\/viettelidc.com.vn\",\"logo\":\"\\\/uploads\\\/viettelidc_logo.png\"},{\"name\":\"Cisco Systems\",\"url\":\"https:\\\/\\\/www.cisco.com\",\"logo\":\"\\\/uploads\\\/cisco_logo.png\"},{\"name\":\"Cloudflare\",\"url\":\"https:\\\/\\\/www.cloudflare.com\",\"logo\":\"\\\/uploads\\\/cloudflare_logo.png\"}]",
        "modpacks": "[{\"name\":\"Vanilla (Tối ưu cơ chế)\",\"url\":\"#\",\"logo\":\"img_6a04c4106ca16.jpg\"},{\"name\":\"RLCraft\",\"url\":\"#\",\"logo\":\"\\\/uploads\\\/rlcraft_icon.png\"},{\"name\":\"SkyFactory 4\",\"url\":\"#\",\"logo\":\"\\\/uploads\\\/skyfactory_icon.png\"}]",
        "gallery": null,
        "sections": "[{\"title\":\"Hạ tầng mạng Tiêu chuẩn Công nghiệp\",\"content\":\"<p>G-Server vận hành trên nền tảng phần cứng mạnh mẽ với các thiết bị định tuyến từ <strong>Cisco<\\\/strong>, đảm bảo khả năng xử lý hàng triệu gói tin mỗi giây. Hệ thống của chúng tôi được tối ưu hóa cho các giao thức VPN (Site-to-Site, Teleworker) và định tuyến thông minh để giảm thiểu tối đa độ trễ (latency).<\\\/p><ul><li><strong>Chống DDoS đa tầng:<\\\/strong> Lọc traffic độc hại ngay tại cửa ngõ hạ tầng.<\\\/li><li><strong>Băng thông không giới hạn:<\\\/strong> Đảm bảo đường truyền luôn thông suốt kể cả trong giờ cao điểm.<\\\/li><\\\/ul>\"},{\"title\":\"Tối ưu hóa cho Trải nghiệm Game Thuần túy\",\"content\":\"<p>Chúng tôi hiểu rằng những thay đổi về cơ chế server có thể làm hỏng các cỗ máy redstone phức tạp hay các hệ thống farm trong Minecraft. Tại G-Server, chúng tôi cam kết:<\\\/p><ul><li><strong>Giữ nguyên cơ chế Vanilla:<\\\/strong> Không can thiệp vào hành vi của Piston, Villager hay tốc độ Tick-rate của server.<\\\/li><li><strong>Hỗ trợ đa nền tảng:<\\\/strong> Dễ dàng triển khai các bản Modpack nặng như RLCraft, SkyFactory hay các Script Roleplay chuyên sâu cho GTA V mà không gặp rào cản kỹ thuật.<\\\/li><\\\/ul>\"},{\"title\":\"Kích hoạt Tức thì - Hỗ trợ Tận tâm\",\"content\":\"<p>Thời gian của bạn là vàng. Hệ thống quản trị của G-Server cho phép khách hàng khởi tạo dịch vụ chỉ trong vài giây sau khi thanh toán thành công.<\\\/p><p>Đội ngũ hỗ trợ của chúng tôi bao gồm những kỹ thuật viên am hiểu sâu về quản trị hệ thống và phát triển game, sẵn sàng giúp bạn giải quyết các vấn đề từ cấu hình IP Route đến cài đặt Plugin\\\/Modpack phức tạp 24\\\/7.<\\\/p>\"}]",
        "partners_heading": "Đối Tác Hạ Tầng & Công Nghệ",
        "modpacks_heading": "Hỗ Trợ Đa Dạng Modpack & Nền Tảng",
        "gallery_heading": "Hình Ảnh Trải Nghiệm & Datacenter",
        "cta_heading": "Sẵn sàng bắt đầu dự án của bạn cùng G-Server?",
        "cta_text": "Khởi tạo Game Server hoặc Website của bạn ngay hôm nay với các gói dịch vụ lưu trữ linh hoạt, mạnh mẽ và tiết kiệm nhất.",
        "cta_button_text": "Đăng Ký Ngay",
        "cta_button_url": "\/san-pham",
        "uptime_icon": "",
        "support_icon": "",
        "performance_icon": ""
    },
    "saved": {
        "id": 1,
        "title": "G-Server 121",
        "subtitle": "Cung cấp giải pháp máy chủ tốc độ cao, cấu hình mạnh mẽ chuyên biệt cho Game Server và Doanh nghiệp.",
        "services_heading": null,
        "partners_heading": "Đối Tác Hạ Tầng & Công Nghệ",
        "modpacks_heading": "Hỗ Trợ Đa Dạng Modpack & Nền Tảng",
        "gallery_heading": "Hình Ảnh Trải Nghiệm & Datacenter",
        "content": "",
        "image": "img_6a049cbd0afe2.gif",
        "admin_id": 10,
        "uptime": "99.99%",
        "support": "24\/7\/365",
        "performance": "Ultra NVMe",
        "years_active": "5 Năm",
        "founded_year": 2021,
        "partners": "[{\"name\":\"Viettel IDC\",\"url\":\"https:\\\/\\\/viettelidc.com.vn\",\"logo\":\"\\\/uploads\\\/viettelidc_logo.png\"},{\"name\":\"Cisco Systems\",\"url\":\"https:\\\/\\\/www.cisco.com\",\"logo\":\"\\\/uploads\\\/cisco_logo.png\"},{\"name\":\"Cloudflare\",\"url\":\"https:\\\/\\\/www.cloudflare.com\",\"logo\":\"\\\/uploads\\\/cloudflare_logo.png\"}]",
        "modpacks": "[{\"name\":\"Vanilla (Tối ưu cơ chế)\",\"url\":\"#\",\"logo\":\"img_6a04c4106ca16.jpg\"},{\"name\":\"RLCraft\",\"url\":\"#\",\"logo\":\"\\\/uploads\\\/rlcraft_icon.png\"},{\"name\":\"SkyFactory 4\",\"url\":\"#\",\"logo\":\"\\\/uploads\\\/skyfactory_icon.png\"}]",
        "gallery": null,
        "services": null,
        "sections": "[{\"title\":\"Hạ tầng mạng Tiêu chuẩn Công nghiệp\",\"content\":\"<p>G-Server vận hành trên nền tảng phần cứng mạnh mẽ với các thiết bị định tuyến từ <strong>Cisco<\\\/strong>, đảm bảo khả năng xử lý hàng triệu gói tin mỗi giây. Hệ thống của chúng tôi được tối ưu hóa cho các giao thức VPN (Site-to-Site, Teleworker) và định tuyến thông minh để giảm thiểu tối đa độ trễ (latency).<\\\/p><ul><li><strong>Chống DDoS đa tầng:<\\\/strong> Lọc traffic độc hại ngay tại cửa ngõ hạ tầng.<\\\/li><li><strong>Băng thông không giới hạn:<\\\/strong> Đảm bảo đường truyền luôn thông suốt kể cả trong giờ cao điểm.<\\\/li><\\\/ul>\"},{\"title\":\"Tối ưu hóa cho Trải nghiệm Game Thuần túy\",\"content\":\"<p>Chúng tôi hiểu rằng những thay đổi về cơ chế server có thể làm hỏng các cỗ máy redstone phức tạp hay các hệ thống farm trong Minecraft. Tại G-Server, chúng tôi cam kết:<\\\/p><ul><li><strong>Giữ nguyên cơ chế Vanilla:<\\\/strong> Không can thiệp vào hành vi của Piston, Villager hay tốc độ Tick-rate của server.<\\\/li><li><strong>Hỗ trợ đa nền tảng:<\\\/strong> Dễ dàng triển khai các bản Modpack nặng như RLCraft, SkyFactory hay các Script Roleplay chuyên sâu cho GTA V mà không gặp rào cản kỹ thuật.<\\\/li><\\\/ul>\"},{\"title\":\"Kích hoạt Tức thì - Hỗ trợ Tận tâm\",\"content\":\"<p>Thời gian của bạn là vàng. Hệ thống quản trị của G-Server cho phép khách hàng khởi tạo dịch vụ chỉ trong vài giây sau khi thanh toán thành công.<\\\/p><p>Đội ngũ hỗ trợ của chúng tôi bao gồm những kỹ thuật viên am hiểu sâu về quản trị hệ thống và phát triển game, sẵn sàng giúp bạn giải quyết các vấn đề từ cấu hình IP Route đến cài đặt Plugin\\\/Modpack phức tạp 24\\\/7.<\\\/p>\"}]",
        "cta_heading": "Sẵn sàng bắt đầu dự án của bạn cùng G-Server?",
        "cta_text": "Khởi tạo Game Server hoặc Website của bạn ngay hôm nay với các gói dịch vụ lưu trữ linh hoạt, mạnh mẽ và tiết kiệm nhất.",
        "cta_button_text": "Đăng Ký Ngay",
        "cta_button_url": "\/san-pham",
        "updated_at": "2026-05-14 01:33:52",
        "background": "img_6a049cbd0b711.gif",
        "intro_gif": "img_6a049d663be5a.gif",
        "intro_duration": "5.00"
    },
    "note": "non-ajax flow"
}
---
{
    "time": "2026-05-14T12:32:21+02:00",
    "post": {
        "id": "1",
        "csrf_token": "15c96d7b36a5937cdf757831e8c3e1a19c9ac56ae5437323f82f62fe23d85982",
        "title": "G-Server 121",
        "subtitle": "Cung cấp giải pháp máy chủ tốc độ cao, cấu hình mạnh mẽ chuyên biệt cho Game Server và Doanh nghiệp.",
        "intro_duration": "5.00",
        "partners_heading": "Đối Tác Hạ Tầng & Công Nghệ",
        "modpacks_heading": "Hỗ Trợ Đa Dạng Modpack & Nền Tảng",
        "gallery_heading": "Hình Ảnh Trải Nghiệm & Datacenter",
        "content": "",
        "uptime": "99.99%",
        "uptime_icon": "",
        "support": "24\/7\/365",
        "support_icon": "",
        "performance": "Ultra NVMe",
        "performance_icon": "",
        "section_title": [
            "Hạ tầng mạng Tiêu chuẩn Công nghiệp",
            "Tối ưu hóa cho Trải nghiệm Game Thuần túy",
            "Kích hoạt Tức thì - Hỗ trợ Tận tâm"
        ],
        "section_content": [
            "<p>G-Server vận hành trên nền tảng phần cứng mạnh mẽ với các thiết bị định tuyến từ <strong>Cisco<\/strong>, đảm bảo khả năng xử lý hàng triệu gói tin mỗi giây. Hệ thống của chúng tôi được tối ưu hóa cho các giao thức VPN (Site-to-Site, Teleworker) và định tuyến thông minh để giảm thiểu tối đa độ trễ (latency).<\/p><ul><li><strong>Chống DDoS đa tầng:<\/strong> Lọc traffic độc hại ngay tại cửa ngõ hạ tầng.<\/li><li><strong>Băng thông không giới hạn:<\/strong> Đảm bảo đường truyền luôn thông suốt kể cả trong giờ cao điểm.<\/li><\/ul>",
            "<p>Chúng tôi hiểu rằng những thay đổi về cơ chế server có thể làm hỏng các cỗ máy redstone phức tạp hay các hệ thống farm trong Minecraft. Tại G-Server, chúng tôi cam kết:<\/p><ul><li><strong>Giữ nguyên cơ chế Vanilla:<\/strong> Không can thiệp vào hành vi của Piston, Villager hay tốc độ Tick-rate của server.<\/li><li><strong>Hỗ trợ đa nền tảng:<\/strong> Dễ dàng triển khai các bản Modpack nặng như RLCraft, SkyFactory hay các Script Roleplay chuyên sâu cho GTA V mà không gặp rào cản kỹ thuật.<\/li><\/ul>",
            "<p>Thời gian của bạn là vàng. Hệ thống quản trị của G-Server cho phép khách hàng khởi tạo dịch vụ chỉ trong vài giây sau khi thanh toán thành công.<\/p><p>Đội ngũ hỗ trợ của chúng tôi bao gồm những kỹ thuật viên am hiểu sâu về quản trị hệ thống và phát triển game, sẵn sàng giúp bạn giải quyết các vấn đề từ cấu hình IP Route đến cài đặt Plugin\/Modpack phức tạp 24\/7.<\/p>"
        ],
        "years_active": "5 Năm",
        "founded_year": "2021",
        "partners_name": [
            "Viettel IDC",
            "Cisco Systems",
            "Cloudflare"
        ],
        "partners_url": [
            "https:\/\/viettelidc.com.vn",
            "https:\/\/www.cisco.com",
            "https:\/\/www.cloudflare.com"
        ],
        "partners_logo_text": [
            "\/uploads\/viettelidc_logo.png",
            "\/uploads\/cisco_logo.png",
            "\/uploads\/cloudflare_logo.png"
        ],
        "modpacks_name": [
            "Vanilla (Tối ưu cơ chế)",
            "RLCraft",
            "SkyFactory 4"
        ],
        "modpacks_url": [
            "#",
            "#",
            "#"
        ],
        "modpacks_logo_text": [
            "img_6a04c4106ca16.jpg",
            "\/uploads\/rlcraft_icon.png",
            "\/uploads\/skyfactory_icon.png"
        ],
        "gallery_title": [
            ""
        ],
        "gallery_caption": [
            ""
        ],
        "cta_heading": "Sẵn sàng bắt đầu dự án của bạn cùng G-Server?",
        "cta_text": "Khởi tạo Game Server hoặc Website của bạn ngay hôm nay với các gói dịch vụ lưu trữ linh hoạt, mạnh mẽ và tiết kiệm nhất.",
        "cta_button_text": "Đăng Ký Ngay",
        "cta_button_url": "\/san-pham",
        "image_text": "img_6a049cbd0afe2.gif",
        "background_text": "img_6a049cbd0b711.gif",
        "intro_gif_text": "img_6a049d663be5a.gif"
    },
    "files": {
        "partners_logo": {
            "name": [
                "",
                "",
                ""
            ],
            "size": [
                0,
                0,
                0
            ]
        },
        "modpacks_logo": {
            "name": [
                "",
                "",
                ""
            ],
            "size": [
                0,
                0,
                0
            ]
        },
        "gallery_images": {
            "name": [
                ""
            ],
            "size": [
                0
            ]
        },
        "image": {
            "name": "",
            "size": 0
        },
        "background": {
            "name": "",
            "size": 0
        },
        "intro_gif": {
            "name": "",
            "size": 0
        }
    },
    "about_rows": [
        {
            "id": 1,
            "title": "G-Server 121",
            "subtitle": "Cung cấp giải pháp máy chủ tốc độ cao, cấu hình mạnh mẽ chuyên biệt cho Game Server và Doanh nghiệp.",
            "services_heading": null,
            "partners_heading": "Đối Tác Hạ Tầng & Công Nghệ",
            "modpacks_heading": "Hỗ Trợ Đa Dạng Modpack & Nền Tảng",
            "gallery_heading": "Hình Ảnh Trải Nghiệm & Datacenter",
            "content": "",
            "image": "img_6a049cbd0afe2.gif",
            "admin_id": 10,
            "uptime": "99.99%",
            "support": "24\/7\/365",
            "performance": "Ultra NVMe",
            "years_active": "5 Năm",
            "founded_year": 2021,
            "partners": "[{\"name\":\"Viettel IDC\",\"url\":\"https:\\\/\\\/viettelidc.com.vn\",\"logo\":\"\\\/uploads\\\/viettelidc_logo.png\"},{\"name\":\"Cisco Systems\",\"url\":\"https:\\\/\\\/www.cisco.com\",\"logo\":\"\\\/uploads\\\/cisco_logo.png\"},{\"name\":\"Cloudflare\",\"url\":\"https:\\\/\\\/www.cloudflare.com\",\"logo\":\"\\\/uploads\\\/cloudflare_logo.png\"}]",
            "modpacks": "[{\"name\":\"Vanilla (Tối ưu cơ chế)\",\"url\":\"#\",\"logo\":\"img_6a04c4106ca16.jpg\"},{\"name\":\"RLCraft\",\"url\":\"#\",\"logo\":\"\\\/uploads\\\/rlcraft_icon.png\"},{\"name\":\"SkyFactory 4\",\"url\":\"#\",\"logo\":\"\\\/uploads\\\/skyfactory_icon.png\"}]",
            "gallery": null,
            "services": null,
            "sections": "[{\"title\":\"Hạ tầng mạng Tiêu chuẩn Công nghiệp\",\"content\":\"<p>G-Server vận hành trên nền tảng phần cứng mạnh mẽ với các thiết bị định tuyến từ <strong>Cisco<\\\/strong>, đảm bảo khả năng xử lý hàng triệu gói tin mỗi giây. Hệ thống của chúng tôi được tối ưu hóa cho các giao thức VPN (Site-to-Site, Teleworker) và định tuyến thông minh để giảm thiểu tối đa độ trễ (latency).<\\\/p><ul><li><strong>Chống DDoS đa tầng:<\\\/strong> Lọc traffic độc hại ngay tại cửa ngõ hạ tầng.<\\\/li><li><strong>Băng thông không giới hạn:<\\\/strong> Đảm bảo đường truyền luôn thông suốt kể cả trong giờ cao điểm.<\\\/li><\\\/ul>\"},{\"title\":\"Tối ưu hóa cho Trải nghiệm Game Thuần túy\",\"content\":\"<p>Chúng tôi hiểu rằng những thay đổi về cơ chế server có thể làm hỏng các cỗ máy redstone phức tạp hay các hệ thống farm trong Minecraft. Tại G-Server, chúng tôi cam kết:<\\\/p><ul><li><strong>Giữ nguyên cơ chế Vanilla:<\\\/strong> Không can thiệp vào hành vi của Piston, Villager hay tốc độ Tick-rate của server.<\\\/li><li><strong>Hỗ trợ đa nền tảng:<\\\/strong> Dễ dàng triển khai các bản Modpack nặng như RLCraft, SkyFactory hay các Script Roleplay chuyên sâu cho GTA V mà không gặp rào cản kỹ thuật.<\\\/li><\\\/ul>\"},{\"title\":\"Kích hoạt Tức thì - Hỗ trợ Tận tâm\",\"content\":\"<p>Thời gian của bạn là vàng. Hệ thống quản trị của G-Server cho phép khách hàng khởi tạo dịch vụ chỉ trong vài giây sau khi thanh toán thành công.<\\\/p><p>Đội ngũ hỗ trợ của chúng tôi bao gồm những kỹ thuật viên am hiểu sâu về quản trị hệ thống và phát triển game, sẵn sàng giúp bạn giải quyết các vấn đề từ cấu hình IP Route đến cài đặt Plugin\\\/Modpack phức tạp 24\\\/7.<\\\/p>\"}]",
            "cta_heading": "Sẵn sàng bắt đầu dự án của bạn cùng G-Server?",
            "cta_text": "Khởi tạo Game Server hoặc Website của bạn ngay hôm nay với các gói dịch vụ lưu trữ linh hoạt, mạnh mẽ và tiết kiệm nhất.",
            "cta_button_text": "Đăng Ký Ngay",
            "cta_button_url": "\/san-pham",
            "updated_at": "2026-05-14 01:33:52",
            "background": "img_6a049cbd0b711.gif",
            "intro_gif": "img_6a049d663be5a.gif",
            "intro_duration": "5.00"
        }
    ]
}
---
{
    "time": "2026-05-14T12:32:21+02:00",
    "payload": {
        "id": 1,
        "title": "G-Server 121",
        "subtitle": "Cung cấp giải pháp máy chủ tốc độ cao, cấu hình mạnh mẽ chuyên biệt cho Game Server và Doanh nghiệp.",
        "content": "",
        "image": "img_6a049cbd0afe2.gif",
        "background": "img_6a049cbd0b711.gif",
        "intro_gif": "img_6a049d663be5a.gif",
        "intro_duration": 5,
        "admin_id": 10,
        "uptime": "99.99%",
        "support": "24\/7\/365",
        "performance": "Ultra NVMe",
        "years_active": "5 Năm",
        "founded_year": 2021,
        "partners": "[{\"name\":\"Viettel IDC\",\"url\":\"https:\\\/\\\/viettelidc.com.vn\",\"logo\":\"\\\/uploads\\\/viettelidc_logo.png\"},{\"name\":\"Cisco Systems\",\"url\":\"https:\\\/\\\/www.cisco.com\",\"logo\":\"\\\/uploads\\\/cisco_logo.png\"},{\"name\":\"Cloudflare\",\"url\":\"https:\\\/\\\/www.cloudflare.com\",\"logo\":\"\\\/uploads\\\/cloudflare_logo.png\"}]",
        "modpacks": "[{\"name\":\"Vanilla (Tối ưu cơ chế)\",\"url\":\"#\",\"logo\":\"img_6a04c4106ca16.jpg\"},{\"name\":\"RLCraft\",\"url\":\"#\",\"logo\":\"\\\/uploads\\\/rlcraft_icon.png\"},{\"name\":\"SkyFactory 4\",\"url\":\"#\",\"logo\":\"\\\/uploads\\\/skyfactory_icon.png\"}]",
        "gallery": null,
        "sections": "[{\"title\":\"Hạ tầng mạng Tiêu chuẩn Công nghiệp\",\"content\":\"<p>G-Server vận hành trên nền tảng phần cứng mạnh mẽ với các thiết bị định tuyến từ <strong>Cisco<\\\/strong>, đảm bảo khả năng xử lý hàng triệu gói tin mỗi giây. Hệ thống của chúng tôi được tối ưu hóa cho các giao thức VPN (Site-to-Site, Teleworker) và định tuyến thông minh để giảm thiểu tối đa độ trễ (latency).<\\\/p><ul><li><strong>Chống DDoS đa tầng:<\\\/strong> Lọc traffic độc hại ngay tại cửa ngõ hạ tầng.<\\\/li><li><strong>Băng thông không giới hạn:<\\\/strong> Đảm bảo đường truyền luôn thông suốt kể cả trong giờ cao điểm.<\\\/li><\\\/ul>\"},{\"title\":\"Tối ưu hóa cho Trải nghiệm Game Thuần túy\",\"content\":\"<p>Chúng tôi hiểu rằng những thay đổi về cơ chế server có thể làm hỏng các cỗ máy redstone phức tạp hay các hệ thống farm trong Minecraft. Tại G-Server, chúng tôi cam kết:<\\\/p><ul><li><strong>Giữ nguyên cơ chế Vanilla:<\\\/strong> Không can thiệp vào hành vi của Piston, Villager hay tốc độ Tick-rate của server.<\\\/li><li><strong>Hỗ trợ đa nền tảng:<\\\/strong> Dễ dàng triển khai các bản Modpack nặng như RLCraft, SkyFactory hay các Script Roleplay chuyên sâu cho GTA V mà không gặp rào cản kỹ thuật.<\\\/li><\\\/ul>\"},{\"title\":\"Kích hoạt Tức thì - Hỗ trợ Tận tâm\",\"content\":\"<p>Thời gian của bạn là vàng. Hệ thống quản trị của G-Server cho phép khách hàng khởi tạo dịch vụ chỉ trong vài giây sau khi thanh toán thành công.<\\\/p><p>Đội ngũ hỗ trợ của chúng tôi bao gồm những kỹ thuật viên am hiểu sâu về quản trị hệ thống và phát triển game, sẵn sàng giúp bạn giải quyết các vấn đề từ cấu hình IP Route đến cài đặt Plugin\\\/Modpack phức tạp 24\\\/7.<\\\/p>\"}]",
        "partners_heading": "Đối Tác Hạ Tầng & Công Nghệ",
        "modpacks_heading": "Hỗ Trợ Đa Dạng Modpack & Nền Tảng",
        "gallery_heading": "Hình Ảnh Trải Nghiệm & Datacenter",
        "cta_heading": "Sẵn sàng bắt đầu dự án của bạn cùng G-Server?",
        "cta_text": "Khởi tạo Game Server hoặc Website của bạn ngay hôm nay với các gói dịch vụ lưu trữ linh hoạt, mạnh mẽ và tiết kiệm nhất.",
        "cta_button_text": "Đăng Ký Ngay",
        "cta_button_url": "\/san-pham",
        "uptime_icon": "",
        "support_icon": "",
        "performance_icon": ""
    },
    "saved": {
        "id": 1,
        "title": "G-Server 121",
        "subtitle": "Cung cấp giải pháp máy chủ tốc độ cao, cấu hình mạnh mẽ chuyên biệt cho Game Server và Doanh nghiệp.",
        "services_heading": null,
        "partners_heading": "Đối Tác Hạ Tầng & Công Nghệ",
        "modpacks_heading": "Hỗ Trợ Đa Dạng Modpack & Nền Tảng",
        "gallery_heading": "Hình Ảnh Trải Nghiệm & Datacenter",
        "content": "",
        "image": "img_6a049cbd0afe2.gif",
        "admin_id": 10,
        "uptime": "99.99%",
        "support": "24\/7\/365",
        "performance": "Ultra NVMe",
        "years_active": "5 Năm",
        "founded_year": 2021,
        "partners": "[{\"name\":\"Viettel IDC\",\"url\":\"https:\\\/\\\/viettelidc.com.vn\",\"logo\":\"\\\/uploads\\\/viettelidc_logo.png\"},{\"name\":\"Cisco Systems\",\"url\":\"https:\\\/\\\/www.cisco.com\",\"logo\":\"\\\/uploads\\\/cisco_logo.png\"},{\"name\":\"Cloudflare\",\"url\":\"https:\\\/\\\/www.cloudflare.com\",\"logo\":\"\\\/uploads\\\/cloudflare_logo.png\"}]",
        "modpacks": "[{\"name\":\"Vanilla (Tối ưu cơ chế)\",\"url\":\"#\",\"logo\":\"img_6a04c4106ca16.jpg\"},{\"name\":\"RLCraft\",\"url\":\"#\",\"logo\":\"\\\/uploads\\\/rlcraft_icon.png\"},{\"name\":\"SkyFactory 4\",\"url\":\"#\",\"logo\":\"\\\/uploads\\\/skyfactory_icon.png\"}]",
        "gallery": null,
        "services": null,
        "sections": "[{\"title\":\"Hạ tầng mạng Tiêu chuẩn Công nghiệp\",\"content\":\"<p>G-Server vận hành trên nền tảng phần cứng mạnh mẽ với các thiết bị định tuyến từ <strong>Cisco<\\\/strong>, đảm bảo khả năng xử lý hàng triệu gói tin mỗi giây. Hệ thống của chúng tôi được tối ưu hóa cho các giao thức VPN (Site-to-Site, Teleworker) và định tuyến thông minh để giảm thiểu tối đa độ trễ (latency).<\\\/p><ul><li><strong>Chống DDoS đa tầng:<\\\/strong> Lọc traffic độc hại ngay tại cửa ngõ hạ tầng.<\\\/li><li><strong>Băng thông không giới hạn:<\\\/strong> Đảm bảo đường truyền luôn thông suốt kể cả trong giờ cao điểm.<\\\/li><\\\/ul>\"},{\"title\":\"Tối ưu hóa cho Trải nghiệm Game Thuần túy\",\"content\":\"<p>Chúng tôi hiểu rằng những thay đổi về cơ chế server có thể làm hỏng các cỗ máy redstone phức tạp hay các hệ thống farm trong Minecraft. Tại G-Server, chúng tôi cam kết:<\\\/p><ul><li><strong>Giữ nguyên cơ chế Vanilla:<\\\/strong> Không can thiệp vào hành vi của Piston, Villager hay tốc độ Tick-rate của server.<\\\/li><li><strong>Hỗ trợ đa nền tảng:<\\\/strong> Dễ dàng triển khai các bản Modpack nặng như RLCraft, SkyFactory hay các Script Roleplay chuyên sâu cho GTA V mà không gặp rào cản kỹ thuật.<\\\/li><\\\/ul>\"},{\"title\":\"Kích hoạt Tức thì - Hỗ trợ Tận tâm\",\"content\":\"<p>Thời gian của bạn là vàng. Hệ thống quản trị của G-Server cho phép khách hàng khởi tạo dịch vụ chỉ trong vài giây sau khi thanh toán thành công.<\\\/p><p>Đội ngũ hỗ trợ của chúng tôi bao gồm những kỹ thuật viên am hiểu sâu về quản trị hệ thống và phát triển game, sẵn sàng giúp bạn giải quyết các vấn đề từ cấu hình IP Route đến cài đặt Plugin\\\/Modpack phức tạp 24\\\/7.<\\\/p>\"}]",
        "cta_heading": "Sẵn sàng bắt đầu dự án của bạn cùng G-Server?",
        "cta_text": "Khởi tạo Game Server hoặc Website của bạn ngay hôm nay với các gói dịch vụ lưu trữ linh hoạt, mạnh mẽ và tiết kiệm nhất.",
        "cta_button_text": "Đăng Ký Ngay",
        "cta_button_url": "\/san-pham",
        "updated_at": "2026-05-14 01:33:52",
        "background": "img_6a049cbd0b711.gif",
        "intro_gif": "img_6a049d663be5a.gif",
        "intro_duration": "5.00"
    },
    "note": "non-ajax flow"
}
---
{
    "time": "2026-05-14T12:41:50+02:00",
    "post": {
        "id": "1",
        "csrf_token": "15c96d7b36a5937cdf757831e8c3e1a19c9ac56ae5437323f82f62fe23d85982",
        "title": "G-Server 121",
        "subtitle": "Cung cấp giải pháp máy chủ tốc độ cao, cấu hình mạnh mẽ chuyên biệt cho Game Server và Doanh nghiệp.",
        "intro_duration": "1.00",
        "partners_heading": "Đối Tác Hạ Tầng & Công Nghệ",
        "modpacks_heading": "Hỗ Trợ Đa Dạng Modpack & Nền Tảng",
        "gallery_heading": "Hình Ảnh Trải Nghiệm & Datacenter",
        "content": "",
        "uptime": "99.99%",
        "uptime_icon": "",
        "support": "24\/7\/365",
        "support_icon": "",
        "performance": "Ultra NVMe",
        "performance_icon": "",
        "section_title": [
            "Hạ tầng mạng Tiêu chuẩn Công nghiệp",
            "Tối ưu hóa cho Trải nghiệm Game Thuần túy",
            "Kích hoạt Tức thì - Hỗ trợ Tận tâm"
        ],
        "section_content": [
            "<p>G-Server vận hành trên nền tảng phần cứng mạnh mẽ với các thiết bị định tuyến từ <strong>Cisco<\/strong>, đảm bảo khả năng xử lý hàng triệu gói tin mỗi giây. Hệ thống của chúng tôi được tối ưu hóa cho các giao thức VPN (Site-to-Site, Teleworker) và định tuyến thông minh để giảm thiểu tối đa độ trễ (latency).<\/p><ul><li><strong>Chống DDoS đa tầng:<\/strong> Lọc traffic độc hại ngay tại cửa ngõ hạ tầng.<\/li><li><strong>Băng thông không giới hạn:<\/strong> Đảm bảo đường truyền luôn thông suốt kể cả trong giờ cao điểm.<\/li><\/ul>",
            "<p>Chúng tôi hiểu rằng những thay đổi về cơ chế server có thể làm hỏng các cỗ máy redstone phức tạp hay các hệ thống farm trong Minecraft. Tại G-Server, chúng tôi cam kết:<\/p><ul><li><strong>Giữ nguyên cơ chế Vanilla:<\/strong> Không can thiệp vào hành vi của Piston, Villager hay tốc độ Tick-rate của server.<\/li><li><strong>Hỗ trợ đa nền tảng:<\/strong> Dễ dàng triển khai các bản Modpack nặng như RLCraft, SkyFactory hay các Script Roleplay chuyên sâu cho GTA V mà không gặp rào cản kỹ thuật.<\/li><\/ul>",
            "<p>Thời gian của bạn là vàng. Hệ thống quản trị của G-Server cho phép khách hàng khởi tạo dịch vụ chỉ trong vài giây sau khi thanh toán thành công.<\/p><p>Đội ngũ hỗ trợ của chúng tôi bao gồm những kỹ thuật viên am hiểu sâu về quản trị hệ thống và phát triển game, sẵn sàng giúp bạn giải quyết các vấn đề từ cấu hình IP Route đến cài đặt Plugin\/Modpack phức tạp 24\/7.<\/p>"
        ],
        "years_active": "5 Năm",
        "founded_year": "2021",
        "partners_name": [
            "Viettel IDC",
            "Cisco Systems",
            "Cloudflare"
        ],
        "partners_url": [
            "https:\/\/viettelidc.com.vn",
            "https:\/\/www.cisco.com",
            "https:\/\/www.cloudflare.com"
        ],
        "partners_logo_text": [
            "\/uploads\/viettelidc_logo.png",
            "\/uploads\/cisco_logo.png",
            "\/uploads\/cloudflare_logo.png"
        ],
        "modpacks_name": [
            "Vanilla (Tối ưu cơ chế)",
            "RLCraft",
            "SkyFactory 4"
        ],
        "modpacks_url": [
            "#",
            "#",
            "#"
        ],
        "modpacks_logo_text": [
            "img_6a04c4106ca16.jpg",
            "\/uploads\/rlcraft_icon.png",
            "\/uploads\/skyfactory_icon.png"
        ],
        "gallery_title": [
            "Minecraft",
            "",
            ""
        ],
        "gallery_caption": [
            "",
            "",
            ""
        ],
        "cta_heading": "Sẵn sàng bắt đầu dự án của bạn cùng G-Server?",
        "cta_text": "Khởi tạo Game Server hoặc Website của bạn ngay hôm nay với các gói dịch vụ lưu trữ linh hoạt, mạnh mẽ và tiết kiệm nhất.",
        "cta_button_text": "Đăng Ký Ngay",
        "cta_button_url": "\/san-pham",
        "image_text": "img_6a049cbd0afe2.gif",
        "background_text": "img_6a049cbd0b711.gif",
        "intro_gif_text": "img_6a049d663be5a.gif"
    },
    "files": {
        "partners_logo": {
            "name": [
                "",
                "",
                ""
            ],
            "size": [
                0,
                0,
                0
            ]
        },
        "modpacks_logo": {
            "name": [
                "",
                "",
                ""
            ],
            "size": [
                0,
                0,
                0
            ]
        },
        "gallery_images": {
            "name": [
                "Screenshot (7).png",
                "",
                ""
            ],
            "size": [
                150935,
                0,
                0
            ]
        },
        "image": {
            "name": "",
            "size": 0
        },
        "background": {
            "name": "",
            "size": 0
        },
        "intro_gif": {
            "name": "",
            "size": 0
        }
    },
    "about_rows": [
        {
            "id": 1,
            "title": "G-Server 121",
            "subtitle": "Cung cấp giải pháp máy chủ tốc độ cao, cấu hình mạnh mẽ chuyên biệt cho Game Server và Doanh nghiệp.",
            "services_heading": null,
            "partners_heading": "Đối Tác Hạ Tầng & Công Nghệ",
            "modpacks_heading": "Hỗ Trợ Đa Dạng Modpack & Nền Tảng",
            "gallery_heading": "Hình Ảnh Trải Nghiệm & Datacenter",
            "content": "",
            "image": "img_6a049cbd0afe2.gif",
            "admin_id": 10,
            "uptime": "99.99%",
            "support": "24\/7\/365",
            "performance": "Ultra NVMe",
            "years_active": "5 Năm",
            "founded_year": 2021,
            "partners": "[{\"name\":\"Viettel IDC\",\"url\":\"https:\\\/\\\/viettelidc.com.vn\",\"logo\":\"\\\/uploads\\\/viettelidc_logo.png\"},{\"name\":\"Cisco Systems\",\"url\":\"https:\\\/\\\/www.cisco.com\",\"logo\":\"\\\/uploads\\\/cisco_logo.png\"},{\"name\":\"Cloudflare\",\"url\":\"https:\\\/\\\/www.cloudflare.com\",\"logo\":\"\\\/uploads\\\/cloudflare_logo.png\"}]",
            "modpacks": "[{\"name\":\"Vanilla (Tối ưu cơ chế)\",\"url\":\"#\",\"logo\":\"img_6a04c4106ca16.jpg\"},{\"name\":\"RLCraft\",\"url\":\"#\",\"logo\":\"\\\/uploads\\\/rlcraft_icon.png\"},{\"name\":\"SkyFactory 4\",\"url\":\"#\",\"logo\":\"\\\/uploads\\\/skyfactory_icon.png\"}]",
            "gallery": null,
            "services": null,
            "sections": "[{\"title\":\"Hạ tầng mạng Tiêu chuẩn Công nghiệp\",\"content\":\"<p>G-Server vận hành trên nền tảng phần cứng mạnh mẽ với các thiết bị định tuyến từ <strong>Cisco<\\\/strong>, đảm bảo khả năng xử lý hàng triệu gói tin mỗi giây. Hệ thống của chúng tôi được tối ưu hóa cho các giao thức VPN (Site-to-Site, Teleworker) và định tuyến thông minh để giảm thiểu tối đa độ trễ (latency).<\\\/p><ul><li><strong>Chống DDoS đa tầng:<\\\/strong> Lọc traffic độc hại ngay tại cửa ngõ hạ tầng.<\\\/li><li><strong>Băng thông không giới hạn:<\\\/strong> Đảm bảo đường truyền luôn thông suốt kể cả trong giờ cao điểm.<\\\/li><\\\/ul>\"},{\"title\":\"Tối ưu hóa cho Trải nghiệm Game Thuần túy\",\"content\":\"<p>Chúng tôi hiểu rằng những thay đổi về cơ chế server có thể làm hỏng các cỗ máy redstone phức tạp hay các hệ thống farm trong Minecraft. Tại G-Server, chúng tôi cam kết:<\\\/p><ul><li><strong>Giữ nguyên cơ chế Vanilla:<\\\/strong> Không can thiệp vào hành vi của Piston, Villager hay tốc độ Tick-rate của server.<\\\/li><li><strong>Hỗ trợ đa nền tảng:<\\\/strong> Dễ dàng triển khai các bản Modpack nặng như RLCraft, SkyFactory hay các Script Roleplay chuyên sâu cho GTA V mà không gặp rào cản kỹ thuật.<\\\/li><\\\/ul>\"},{\"title\":\"Kích hoạt Tức thì - Hỗ trợ Tận tâm\",\"content\":\"<p>Thời gian của bạn là vàng. Hệ thống quản trị của G-Server cho phép khách hàng khởi tạo dịch vụ chỉ trong vài giây sau khi thanh toán thành công.<\\\/p><p>Đội ngũ hỗ trợ của chúng tôi bao gồm những kỹ thuật viên am hiểu sâu về quản trị hệ thống và phát triển game, sẵn sàng giúp bạn giải quyết các vấn đề từ cấu hình IP Route đến cài đặt Plugin\\\/Modpack phức tạp 24\\\/7.<\\\/p>\"}]",
            "cta_heading": "Sẵn sàng bắt đầu dự án của bạn cùng G-Server?",
            "cta_text": "Khởi tạo Game Server hoặc Website của bạn ngay hôm nay với các gói dịch vụ lưu trữ linh hoạt, mạnh mẽ và tiết kiệm nhất.",
            "cta_button_text": "Đăng Ký Ngay",
            "cta_button_url": "\/san-pham",
            "updated_at": "2026-05-14 01:33:52",
            "background": "img_6a049cbd0b711.gif",
            "intro_gif": "img_6a049d663be5a.gif",
            "intro_duration": "5.00"
        }
    ]
}
---
{
    "time": "2026-05-14T12:41:50+02:00",
    "payload": {
        "id": 1,
        "title": "G-Server 121",
        "subtitle": "Cung cấp giải pháp máy chủ tốc độ cao, cấu hình mạnh mẽ chuyên biệt cho Game Server và Doanh nghiệp.",
        "content": "",
        "image": "img_6a049cbd0afe2.gif",
        "background": "img_6a049cbd0b711.gif",
        "intro_gif": "img_6a049d663be5a.gif",
        "intro_duration": 1,
        "admin_id": 10,
        "uptime": "99.99%",
        "support": "24\/7\/365",
        "performance": "Ultra NVMe",
        "years_active": "5 Năm",
        "founded_year": 2021,
        "partners": "[{\"name\":\"Viettel IDC\",\"url\":\"https:\\\/\\\/viettelidc.com.vn\",\"logo\":\"\\\/uploads\\\/viettelidc_logo.png\"},{\"name\":\"Cisco Systems\",\"url\":\"https:\\\/\\\/www.cisco.com\",\"logo\":\"\\\/uploads\\\/cisco_logo.png\"},{\"name\":\"Cloudflare\",\"url\":\"https:\\\/\\\/www.cloudflare.com\",\"logo\":\"\\\/uploads\\\/cloudflare_logo.png\"}]",
        "modpacks": "[{\"name\":\"Vanilla (Tối ưu cơ chế)\",\"url\":\"#\",\"logo\":\"img_6a04c4106ca16.jpg\"},{\"name\":\"RLCraft\",\"url\":\"#\",\"logo\":\"\\\/uploads\\\/rlcraft_icon.png\"},{\"name\":\"SkyFactory 4\",\"url\":\"#\",\"logo\":\"\\\/uploads\\\/skyfactory_icon.png\"}]",
        "gallery": "[{\"image\":\"img_6a05a6ee6c516.png\",\"title\":\"Minecraft\",\"caption\":\"\"}]",
        "sections": "[{\"title\":\"Hạ tầng mạng Tiêu chuẩn Công nghiệp\",\"content\":\"<p>G-Server vận hành trên nền tảng phần cứng mạnh mẽ với các thiết bị định tuyến từ <strong>Cisco<\\\/strong>, đảm bảo khả năng xử lý hàng triệu gói tin mỗi giây. Hệ thống của chúng tôi được tối ưu hóa cho các giao thức VPN (Site-to-Site, Teleworker) và định tuyến thông minh để giảm thiểu tối đa độ trễ (latency).<\\\/p><ul><li><strong>Chống DDoS đa tầng:<\\\/strong> Lọc traffic độc hại ngay tại cửa ngõ hạ tầng.<\\\/li><li><strong>Băng thông không giới hạn:<\\\/strong> Đảm bảo đường truyền luôn thông suốt kể cả trong giờ cao điểm.<\\\/li><\\\/ul>\"},{\"title\":\"Tối ưu hóa cho Trải nghiệm Game Thuần túy\",\"content\":\"<p>Chúng tôi hiểu rằng những thay đổi về cơ chế server có thể làm hỏng các cỗ máy redstone phức tạp hay các hệ thống farm trong Minecraft. Tại G-Server, chúng tôi cam kết:<\\\/p><ul><li><strong>Giữ nguyên cơ chế Vanilla:<\\\/strong> Không can thiệp vào hành vi của Piston, Villager hay tốc độ Tick-rate của server.<\\\/li><li><strong>Hỗ trợ đa nền tảng:<\\\/strong> Dễ dàng triển khai các bản Modpack nặng như RLCraft, SkyFactory hay các Script Roleplay chuyên sâu cho GTA V mà không gặp rào cản kỹ thuật.<\\\/li><\\\/ul>\"},{\"title\":\"Kích hoạt Tức thì - Hỗ trợ Tận tâm\",\"content\":\"<p>Thời gian của bạn là vàng. Hệ thống quản trị của G-Server cho phép khách hàng khởi tạo dịch vụ chỉ trong vài giây sau khi thanh toán thành công.<\\\/p><p>Đội ngũ hỗ trợ của chúng tôi bao gồm những kỹ thuật viên am hiểu sâu về quản trị hệ thống và phát triển game, sẵn sàng giúp bạn giải quyết các vấn đề từ cấu hình IP Route đến cài đặt Plugin\\\/Modpack phức tạp 24\\\/7.<\\\/p>\"}]",
        "partners_heading": "Đối Tác Hạ Tầng & Công Nghệ",
        "modpacks_heading": "Hỗ Trợ Đa Dạng Modpack & Nền Tảng",
        "gallery_heading": "Hình Ảnh Trải Nghiệm & Datacenter",
        "cta_heading": "Sẵn sàng bắt đầu dự án của bạn cùng G-Server?",
        "cta_text": "Khởi tạo Game Server hoặc Website của bạn ngay hôm nay với các gói dịch vụ lưu trữ linh hoạt, mạnh mẽ và tiết kiệm nhất.",
        "cta_button_text": "Đăng Ký Ngay",
        "cta_button_url": "\/san-pham",
        "uptime_icon": "",
        "support_icon": "",
        "performance_icon": ""
    },
    "saved": {
        "id": 1,
        "title": "G-Server 121",
        "subtitle": "Cung cấp giải pháp máy chủ tốc độ cao, cấu hình mạnh mẽ chuyên biệt cho Game Server và Doanh nghiệp.",
        "services_heading": null,
        "partners_heading": "Đối Tác Hạ Tầng & Công Nghệ",
        "modpacks_heading": "Hỗ Trợ Đa Dạng Modpack & Nền Tảng",
        "gallery_heading": "Hình Ảnh Trải Nghiệm & Datacenter",
        "content": "",
        "image": "img_6a049cbd0afe2.gif",
        "admin_id": 10,
        "uptime": "99.99%",
        "support": "24\/7\/365",
        "performance": "Ultra NVMe",
        "years_active": "5 Năm",
        "founded_year": 2021,
        "partners": "[{\"name\":\"Viettel IDC\",\"url\":\"https:\\\/\\\/viettelidc.com.vn\",\"logo\":\"\\\/uploads\\\/viettelidc_logo.png\"},{\"name\":\"Cisco Systems\",\"url\":\"https:\\\/\\\/www.cisco.com\",\"logo\":\"\\\/uploads\\\/cisco_logo.png\"},{\"name\":\"Cloudflare\",\"url\":\"https:\\\/\\\/www.cloudflare.com\",\"logo\":\"\\\/uploads\\\/cloudflare_logo.png\"}]",
        "modpacks": "[{\"name\":\"Vanilla (Tối ưu cơ chế)\",\"url\":\"#\",\"logo\":\"img_6a04c4106ca16.jpg\"},{\"name\":\"RLCraft\",\"url\":\"#\",\"logo\":\"\\\/uploads\\\/rlcraft_icon.png\"},{\"name\":\"SkyFactory 4\",\"url\":\"#\",\"logo\":\"\\\/uploads\\\/skyfactory_icon.png\"}]",
        "gallery": "[{\"image\":\"img_6a05a6ee6c516.png\",\"title\":\"Minecraft\",\"caption\":\"\"}]",
        "services": null,
        "sections": "[{\"title\":\"Hạ tầng mạng Tiêu chuẩn Công nghiệp\",\"content\":\"<p>G-Server vận hành trên nền tảng phần cứng mạnh mẽ với các thiết bị định tuyến từ <strong>Cisco<\\\/strong>, đảm bảo khả năng xử lý hàng triệu gói tin mỗi giây. Hệ thống của chúng tôi được tối ưu hóa cho các giao thức VPN (Site-to-Site, Teleworker) và định tuyến thông minh để giảm thiểu tối đa độ trễ (latency).<\\\/p><ul><li><strong>Chống DDoS đa tầng:<\\\/strong> Lọc traffic độc hại ngay tại cửa ngõ hạ tầng.<\\\/li><li><strong>Băng thông không giới hạn:<\\\/strong> Đảm bảo đường truyền luôn thông suốt kể cả trong giờ cao điểm.<\\\/li><\\\/ul>\"},{\"title\":\"Tối ưu hóa cho Trải nghiệm Game Thuần túy\",\"content\":\"<p>Chúng tôi hiểu rằng những thay đổi về cơ chế server có thể làm hỏng các cỗ máy redstone phức tạp hay các hệ thống farm trong Minecraft. Tại G-Server, chúng tôi cam kết:<\\\/p><ul><li><strong>Giữ nguyên cơ chế Vanilla:<\\\/strong> Không can thiệp vào hành vi của Piston, Villager hay tốc độ Tick-rate của server.<\\\/li><li><strong>Hỗ trợ đa nền tảng:<\\\/strong> Dễ dàng triển khai các bản Modpack nặng như RLCraft, SkyFactory hay các Script Roleplay chuyên sâu cho GTA V mà không gặp rào cản kỹ thuật.<\\\/li><\\\/ul>\"},{\"title\":\"Kích hoạt Tức thì - Hỗ trợ Tận tâm\",\"content\":\"<p>Thời gian của bạn là vàng. Hệ thống quản trị của G-Server cho phép khách hàng khởi tạo dịch vụ chỉ trong vài giây sau khi thanh toán thành công.<\\\/p><p>Đội ngũ hỗ trợ của chúng tôi bao gồm những kỹ thuật viên am hiểu sâu về quản trị hệ thống và phát triển game, sẵn sàng giúp bạn giải quyết các vấn đề từ cấu hình IP Route đến cài đặt Plugin\\\/Modpack phức tạp 24\\\/7.<\\\/p>\"}]",
        "cta_heading": "Sẵn sàng bắt đầu dự án của bạn cùng G-Server?",
        "cta_text": "Khởi tạo Game Server hoặc Website của bạn ngay hôm nay với các gói dịch vụ lưu trữ linh hoạt, mạnh mẽ và tiết kiệm nhất.",
        "cta_button_text": "Đăng Ký Ngay",
        "cta_button_url": "\/san-pham",
        "updated_at": "2026-05-14 17:41:50",
        "background": "img_6a049cbd0b711.gif",
        "intro_gif": "img_6a049d663be5a.gif",
        "intro_duration": "1.00"
    },
    "note": "non-ajax flow"
}
---
{
    "time": "2026-05-14T12:43:03+02:00",
    "post": {
        "id": "1",
        "csrf_token": "15c96d7b36a5937cdf757831e8c3e1a19c9ac56ae5437323f82f62fe23d85982",
        "title": "G-Server 121",
        "subtitle": "Cung cấp giải pháp máy chủ tốc độ cao, cấu hình mạnh mẽ chuyên biệt cho Game Server và Doanh nghiệp.",
        "intro_duration": "1.00",
        "partners_heading": "Đối Tác Hạ Tầng & Công Nghệ",
        "modpacks_heading": "Hỗ Trợ Đa Dạng Modpack & Nền Tảng",
        "gallery_heading": "Trải nghiệm",
        "content": "",
        "uptime": "99.99%",
        "uptime_icon": "",
        "support": "24\/7\/365",
        "support_icon": "",
        "performance": "Ultra NVMe",
        "performance_icon": "",
        "section_title": [
            "Hạ tầng mạng Tiêu chuẩn Công nghiệp",
            "Tối ưu hóa cho Trải nghiệm Game Thuần túy",
            "Kích hoạt Tức thì - Hỗ trợ Tận tâm"
        ],
        "section_content": [
            "<p>G-Server vận hành trên nền tảng phần cứng mạnh mẽ với các thiết bị định tuyến từ <strong>Cisco<\/strong>, đảm bảo khả năng xử lý hàng triệu gói tin mỗi giây. Hệ thống của chúng tôi được tối ưu hóa cho các giao thức VPN (Site-to-Site, Teleworker) và định tuyến thông minh để giảm thiểu tối đa độ trễ (latency).<\/p><ul><li><strong>Chống DDoS đa tầng:<\/strong> Lọc traffic độc hại ngay tại cửa ngõ hạ tầng.<\/li><li><strong>Băng thông không giới hạn:<\/strong> Đảm bảo đường truyền luôn thông suốt kể cả trong giờ cao điểm.<\/li><\/ul>",
            "<p>Chúng tôi hiểu rằng những thay đổi về cơ chế server có thể làm hỏng các cỗ máy redstone phức tạp hay các hệ thống farm trong Minecraft. Tại G-Server, chúng tôi cam kết:<\/p><ul><li><strong>Giữ nguyên cơ chế Vanilla:<\/strong> Không can thiệp vào hành vi của Piston, Villager hay tốc độ Tick-rate của server.<\/li><li><strong>Hỗ trợ đa nền tảng:<\/strong> Dễ dàng triển khai các bản Modpack nặng như RLCraft, SkyFactory hay các Script Roleplay chuyên sâu cho GTA V mà không gặp rào cản kỹ thuật.<\/li><\/ul>",
            "<p>Thời gian của bạn là vàng. Hệ thống quản trị của G-Server cho phép khách hàng khởi tạo dịch vụ chỉ trong vài giây sau khi thanh toán thành công.<\/p><p>Đội ngũ hỗ trợ của chúng tôi bao gồm những kỹ thuật viên am hiểu sâu về quản trị hệ thống và phát triển game, sẵn sàng giúp bạn giải quyết các vấn đề từ cấu hình IP Route đến cài đặt Plugin\/Modpack phức tạp 24\/7.<\/p>"
        ],
        "years_active": "5 Năm",
        "founded_year": "2021",
        "partners_name": [
            "Viettel IDC",
            "Cisco Systems",
            "Cloudflare"
        ],
        "partners_url": [
            "https:\/\/viettelidc.com.vn",
            "https:\/\/www.cisco.com",
            "https:\/\/www.cloudflare.com"
        ],
        "partners_logo_text": [
            "\/uploads\/viettelidc_logo.png",
            "\/uploads\/cisco_logo.png",
            "\/uploads\/cloudflare_logo.png"
        ],
        "modpacks_name": [
            "Vanilla (Tối ưu cơ chế)",
            "RLCraft",
            "SkyFactory 4"
        ],
        "modpacks_url": [
            "#",
            "#",
            "#"
        ],
        "modpacks_logo_text": [
            "img_6a04c4106ca16.jpg",
            "\/uploads\/rlcraft_icon.png",
            "\/uploads\/skyfactory_icon.png"
        ],
        "gallery_title": [
            "Minecraft",
            "Minecraft"
        ],
        "gallery_caption": [
            "Thiết thực plugin, giao diện tối, modpack kinh điển, vanilla",
            "Thiết thực plugin, giao diện tối, modpack kinh điển, vanilla"
        ],
        "gallery_image_text": [
            "img_6a05a6ee6c516.png",
            "img_6a05a6ee6c516.png"
        ],
        "cta_heading": "Sẵn sàng bắt đầu dự án của bạn cùng G-Server?",
        "cta_text": "Khởi tạo Game Server hoặc Website của bạn ngay hôm nay với các gói dịch vụ lưu trữ linh hoạt, mạnh mẽ và tiết kiệm nhất.",
        "cta_button_text": "Đăng Ký Ngay",
        "cta_button_url": "\/san-pham",
        "image_text": "img_6a049cbd0afe2.gif",
        "background_text": "img_6a049cbd0b711.gif",
        "intro_gif_text": "img_6a049d663be5a.gif"
    },
    "files": {
        "partners_logo": {
            "name": [
                "",
                "",
                ""
            ],
            "size": [
                0,
                0,
                0
            ]
        },
        "modpacks_logo": {
            "name": [
                "",
                "",
                ""
            ],
            "size": [
                0,
                0,
                0
            ]
        },
        "gallery_images": {
            "name": [
                "",
                "Screenshot (20).png"
            ],
            "size": [
                0,
                43881
            ]
        },
        "image": {
            "name": "",
            "size": 0
        },
        "background": {
            "name": "",
            "size": 0
        },
        "intro_gif": {
            "name": "",
            "size": 0
        }
    },
    "about_rows": [
        {
            "id": 1,
            "title": "G-Server 121",
            "subtitle": "Cung cấp giải pháp máy chủ tốc độ cao, cấu hình mạnh mẽ chuyên biệt cho Game Server và Doanh nghiệp.",
            "services_heading": null,
            "partners_heading": "Đối Tác Hạ Tầng & Công Nghệ",
            "modpacks_heading": "Hỗ Trợ Đa Dạng Modpack & Nền Tảng",
            "gallery_heading": "Hình Ảnh Trải Nghiệm & Datacenter",
            "content": "",
            "image": "img_6a049cbd0afe2.gif",
            "admin_id": 10,
            "uptime": "99.99%",
            "support": "24\/7\/365",
            "performance": "Ultra NVMe",
            "years_active": "5 Năm",
            "founded_year": 2021,
            "partners": "[{\"name\":\"Viettel IDC\",\"url\":\"https:\\\/\\\/viettelidc.com.vn\",\"logo\":\"\\\/uploads\\\/viettelidc_logo.png\"},{\"name\":\"Cisco Systems\",\"url\":\"https:\\\/\\\/www.cisco.com\",\"logo\":\"\\\/uploads\\\/cisco_logo.png\"},{\"name\":\"Cloudflare\",\"url\":\"https:\\\/\\\/www.cloudflare.com\",\"logo\":\"\\\/uploads\\\/cloudflare_logo.png\"}]",
            "modpacks": "[{\"name\":\"Vanilla (Tối ưu cơ chế)\",\"url\":\"#\",\"logo\":\"img_6a04c4106ca16.jpg\"},{\"name\":\"RLCraft\",\"url\":\"#\",\"logo\":\"\\\/uploads\\\/rlcraft_icon.png\"},{\"name\":\"SkyFactory 4\",\"url\":\"#\",\"logo\":\"\\\/uploads\\\/skyfactory_icon.png\"}]",
            "gallery": "[{\"image\":\"img_6a05a6ee6c516.png\",\"title\":\"Minecraft\",\"caption\":\"\"}]",
            "services": null,
            "sections": "[{\"title\":\"Hạ tầng mạng Tiêu chuẩn Công nghiệp\",\"content\":\"<p>G-Server vận hành trên nền tảng phần cứng mạnh mẽ với các thiết bị định tuyến từ <strong>Cisco<\\\/strong>, đảm bảo khả năng xử lý hàng triệu gói tin mỗi giây. Hệ thống của chúng tôi được tối ưu hóa cho các giao thức VPN (Site-to-Site, Teleworker) và định tuyến thông minh để giảm thiểu tối đa độ trễ (latency).<\\\/p><ul><li><strong>Chống DDoS đa tầng:<\\\/strong> Lọc traffic độc hại ngay tại cửa ngõ hạ tầng.<\\\/li><li><strong>Băng thông không giới hạn:<\\\/strong> Đảm bảo đường truyền luôn thông suốt kể cả trong giờ cao điểm.<\\\/li><\\\/ul>\"},{\"title\":\"Tối ưu hóa cho Trải nghiệm Game Thuần túy\",\"content\":\"<p>Chúng tôi hiểu rằng những thay đổi về cơ chế server có thể làm hỏng các cỗ máy redstone phức tạp hay các hệ thống farm trong Minecraft. Tại G-Server, chúng tôi cam kết:<\\\/p><ul><li><strong>Giữ nguyên cơ chế Vanilla:<\\\/strong> Không can thiệp vào hành vi của Piston, Villager hay tốc độ Tick-rate của server.<\\\/li><li><strong>Hỗ trợ đa nền tảng:<\\\/strong> Dễ dàng triển khai các bản Modpack nặng như RLCraft, SkyFactory hay các Script Roleplay chuyên sâu cho GTA V mà không gặp rào cản kỹ thuật.<\\\/li><\\\/ul>\"},{\"title\":\"Kích hoạt Tức thì - Hỗ trợ Tận tâm\",\"content\":\"<p>Thời gian của bạn là vàng. Hệ thống quản trị của G-Server cho phép khách hàng khởi tạo dịch vụ chỉ trong vài giây sau khi thanh toán thành công.<\\\/p><p>Đội ngũ hỗ trợ của chúng tôi bao gồm những kỹ thuật viên am hiểu sâu về quản trị hệ thống và phát triển game, sẵn sàng giúp bạn giải quyết các vấn đề từ cấu hình IP Route đến cài đặt Plugin\\\/Modpack phức tạp 24\\\/7.<\\\/p>\"}]",
            "cta_heading": "Sẵn sàng bắt đầu dự án của bạn cùng G-Server?",
            "cta_text": "Khởi tạo Game Server hoặc Website của bạn ngay hôm nay với các gói dịch vụ lưu trữ linh hoạt, mạnh mẽ và tiết kiệm nhất.",
            "cta_button_text": "Đăng Ký Ngay",
            "cta_button_url": "\/san-pham",
            "updated_at": "2026-05-14 17:41:50",
            "background": "img_6a049cbd0b711.gif",
            "intro_gif": "img_6a049d663be5a.gif",
            "intro_duration": "1.00"
        }
    ]
}
---
{
    "time": "2026-05-14T12:43:03+02:00",
    "payload": {
        "id": 1,
        "title": "G-Server 121",
        "subtitle": "Cung cấp giải pháp máy chủ tốc độ cao, cấu hình mạnh mẽ chuyên biệt cho Game Server và Doanh nghiệp.",
        "content": "",
        "image": "img_6a049cbd0afe2.gif",
        "background": "img_6a049cbd0b711.gif",
        "intro_gif": "img_6a049d663be5a.gif",
        "intro_duration": 1,
        "admin_id": 10,
        "uptime": "99.99%",
        "support": "24\/7\/365",
        "performance": "Ultra NVMe",
        "years_active": "5 Năm",
        "founded_year": 2021,
        "partners": "[{\"name\":\"Viettel IDC\",\"url\":\"https:\\\/\\\/viettelidc.com.vn\",\"logo\":\"\\\/uploads\\\/viettelidc_logo.png\"},{\"name\":\"Cisco Systems\",\"url\":\"https:\\\/\\\/www.cisco.com\",\"logo\":\"\\\/uploads\\\/cisco_logo.png\"},{\"name\":\"Cloudflare\",\"url\":\"https:\\\/\\\/www.cloudflare.com\",\"logo\":\"\\\/uploads\\\/cloudflare_logo.png\"}]",
        "modpacks": "[{\"name\":\"Vanilla (Tối ưu cơ chế)\",\"url\":\"#\",\"logo\":\"img_6a04c4106ca16.jpg\"},{\"name\":\"RLCraft\",\"url\":\"#\",\"logo\":\"\\\/uploads\\\/rlcraft_icon.png\"},{\"name\":\"SkyFactory 4\",\"url\":\"#\",\"logo\":\"\\\/uploads\\\/skyfactory_icon.png\"}]",
        "gallery": "[{\"image\":\"img_6a05a6ee6c516.png\",\"title\":\"Minecraft\",\"caption\":\"Thiết thực plugin, giao diện tối, modpack kinh điển, vanilla\"},{\"image\":\"img_6a05a737af403.png\",\"title\":\"Minecraft\",\"caption\":\"Thiết thực plugin, giao diện tối, modpack kinh điển, vanilla\"}]",
        "sections": "[{\"title\":\"Hạ tầng mạng Tiêu chuẩn Công nghiệp\",\"content\":\"<p>G-Server vận hành trên nền tảng phần cứng mạnh mẽ với các thiết bị định tuyến từ <strong>Cisco<\\\/strong>, đảm bảo khả năng xử lý hàng triệu gói tin mỗi giây. Hệ thống của chúng tôi được tối ưu hóa cho các giao thức VPN (Site-to-Site, Teleworker) và định tuyến thông minh để giảm thiểu tối đa độ trễ (latency).<\\\/p><ul><li><strong>Chống DDoS đa tầng:<\\\/strong> Lọc traffic độc hại ngay tại cửa ngõ hạ tầng.<\\\/li><li><strong>Băng thông không giới hạn:<\\\/strong> Đảm bảo đường truyền luôn thông suốt kể cả trong giờ cao điểm.<\\\/li><\\\/ul>\"},{\"title\":\"Tối ưu hóa cho Trải nghiệm Game Thuần túy\",\"content\":\"<p>Chúng tôi hiểu rằng những thay đổi về cơ chế server có thể làm hỏng các cỗ máy redstone phức tạp hay các hệ thống farm trong Minecraft. Tại G-Server, chúng tôi cam kết:<\\\/p><ul><li><strong>Giữ nguyên cơ chế Vanilla:<\\\/strong> Không can thiệp vào hành vi của Piston, Villager hay tốc độ Tick-rate của server.<\\\/li><li><strong>Hỗ trợ đa nền tảng:<\\\/strong> Dễ dàng triển khai các bản Modpack nặng như RLCraft, SkyFactory hay các Script Roleplay chuyên sâu cho GTA V mà không gặp rào cản kỹ thuật.<\\\/li><\\\/ul>\"},{\"title\":\"Kích hoạt Tức thì - Hỗ trợ Tận tâm\",\"content\":\"<p>Thời gian của bạn là vàng. Hệ thống quản trị của G-Server cho phép khách hàng khởi tạo dịch vụ chỉ trong vài giây sau khi thanh toán thành công.<\\\/p><p>Đội ngũ hỗ trợ của chúng tôi bao gồm những kỹ thuật viên am hiểu sâu về quản trị hệ thống và phát triển game, sẵn sàng giúp bạn giải quyết các vấn đề từ cấu hình IP Route đến cài đặt Plugin\\\/Modpack phức tạp 24\\\/7.<\\\/p>\"}]",
        "partners_heading": "Đối Tác Hạ Tầng & Công Nghệ",
        "modpacks_heading": "Hỗ Trợ Đa Dạng Modpack & Nền Tảng",
        "gallery_heading": "Trải nghiệm",
        "cta_heading": "Sẵn sàng bắt đầu dự án của bạn cùng G-Server?",
        "cta_text": "Khởi tạo Game Server hoặc Website của bạn ngay hôm nay với các gói dịch vụ lưu trữ linh hoạt, mạnh mẽ và tiết kiệm nhất.",
        "cta_button_text": "Đăng Ký Ngay",
        "cta_button_url": "\/san-pham",
        "uptime_icon": "",
        "support_icon": "",
        "performance_icon": ""
    },
    "saved": {
        "id": 1,
        "title": "G-Server 121",
        "subtitle": "Cung cấp giải pháp máy chủ tốc độ cao, cấu hình mạnh mẽ chuyên biệt cho Game Server và Doanh nghiệp.",
        "services_heading": null,
        "partners_heading": "Đối Tác Hạ Tầng & Công Nghệ",
        "modpacks_heading": "Hỗ Trợ Đa Dạng Modpack & Nền Tảng",
        "gallery_heading": "Trải nghiệm",
        "content": "",
        "image": "img_6a049cbd0afe2.gif",
        "admin_id": 10,
        "uptime": "99.99%",
        "support": "24\/7\/365",
        "performance": "Ultra NVMe",
        "years_active": "5 Năm",
        "founded_year": 2021,
        "partners": "[{\"name\":\"Viettel IDC\",\"url\":\"https:\\\/\\\/viettelidc.com.vn\",\"logo\":\"\\\/uploads\\\/viettelidc_logo.png\"},{\"name\":\"Cisco Systems\",\"url\":\"https:\\\/\\\/www.cisco.com\",\"logo\":\"\\\/uploads\\\/cisco_logo.png\"},{\"name\":\"Cloudflare\",\"url\":\"https:\\\/\\\/www.cloudflare.com\",\"logo\":\"\\\/uploads\\\/cloudflare_logo.png\"}]",
        "modpacks": "[{\"name\":\"Vanilla (Tối ưu cơ chế)\",\"url\":\"#\",\"logo\":\"img_6a04c4106ca16.jpg\"},{\"name\":\"RLCraft\",\"url\":\"#\",\"logo\":\"\\\/uploads\\\/rlcraft_icon.png\"},{\"name\":\"SkyFactory 4\",\"url\":\"#\",\"logo\":\"\\\/uploads\\\/skyfactory_icon.png\"}]",
        "gallery": "[{\"image\":\"img_6a05a6ee6c516.png\",\"title\":\"Minecraft\",\"caption\":\"Thiết thực plugin, giao diện tối, modpack kinh điển, vanilla\"},{\"image\":\"img_6a05a737af403.png\",\"title\":\"Minecraft\",\"caption\":\"Thiết thực plugin, giao diện tối, modpack kinh điển, vanilla\"}]",
        "services": null,
        "sections": "[{\"title\":\"Hạ tầng mạng Tiêu chuẩn Công nghiệp\",\"content\":\"<p>G-Server vận hành trên nền tảng phần cứng mạnh mẽ với các thiết bị định tuyến từ <strong>Cisco<\\\/strong>, đảm bảo khả năng xử lý hàng triệu gói tin mỗi giây. Hệ thống của chúng tôi được tối ưu hóa cho các giao thức VPN (Site-to-Site, Teleworker) và định tuyến thông minh để giảm thiểu tối đa độ trễ (latency).<\\\/p><ul><li><strong>Chống DDoS đa tầng:<\\\/strong> Lọc traffic độc hại ngay tại cửa ngõ hạ tầng.<\\\/li><li><strong>Băng thông không giới hạn:<\\\/strong> Đảm bảo đường truyền luôn thông suốt kể cả trong giờ cao điểm.<\\\/li><\\\/ul>\"},{\"title\":\"Tối ưu hóa cho Trải nghiệm Game Thuần túy\",\"content\":\"<p>Chúng tôi hiểu rằng những thay đổi về cơ chế server có thể làm hỏng các cỗ máy redstone phức tạp hay các hệ thống farm trong Minecraft. Tại G-Server, chúng tôi cam kết:<\\\/p><ul><li><strong>Giữ nguyên cơ chế Vanilla:<\\\/strong> Không can thiệp vào hành vi của Piston, Villager hay tốc độ Tick-rate của server.<\\\/li><li><strong>Hỗ trợ đa nền tảng:<\\\/strong> Dễ dàng triển khai các bản Modpack nặng như RLCraft, SkyFactory hay các Script Roleplay chuyên sâu cho GTA V mà không gặp rào cản kỹ thuật.<\\\/li><\\\/ul>\"},{\"title\":\"Kích hoạt Tức thì - Hỗ trợ Tận tâm\",\"content\":\"<p>Thời gian của bạn là vàng. Hệ thống quản trị của G-Server cho phép khách hàng khởi tạo dịch vụ chỉ trong vài giây sau khi thanh toán thành công.<\\\/p><p>Đội ngũ hỗ trợ của chúng tôi bao gồm những kỹ thuật viên am hiểu sâu về quản trị hệ thống và phát triển game, sẵn sàng giúp bạn giải quyết các vấn đề từ cấu hình IP Route đến cài đặt Plugin\\\/Modpack phức tạp 24\\\/7.<\\\/p>\"}]",
        "cta_heading": "Sẵn sàng bắt đầu dự án của bạn cùng G-Server?",
        "cta_text": "Khởi tạo Game Server hoặc Website của bạn ngay hôm nay với các gói dịch vụ lưu trữ linh hoạt, mạnh mẽ và tiết kiệm nhất.",
        "cta_button_text": "Đăng Ký Ngay",
        "cta_button_url": "\/san-pham",
        "updated_at": "2026-05-14 17:43:03",
        "background": "img_6a049cbd0b711.gif",
        "intro_gif": "img_6a049d663be5a.gif",
        "intro_duration": "1.00"
    },
    "note": "non-ajax flow"
}
---
{
    "time": "2026-05-14T20:41:38+02:00",
    "post": {
        "id": "1",
        "csrf_token": "aab33b16831d1d579aa70791280390703cf634ee1bfc2f81054676649d2e98e4",
        "title": "G-Server",
        "subtitle": "Cung cấp giải pháp máy chủ tốc độ cao, cấu hình mạnh mẽ chuyên biệt cho Game Server và Doanh nghiệp.",
        "intro_duration": "5.5",
        "partners_heading": "Đối Tác Hạ Tầng & Công Nghệ",
        "modpacks_heading": "Hỗ Trợ Đa Dạng Modpack & Nền Tảng",
        "gallery_heading": "Hình Ảnh Trải Nghiệm & Datacenter",
        "content": "",
        "uptime": "99.99%",
        "uptime_icon": "",
        "support": "24\/7\/365",
        "support_icon": "",
        "performance": "Ultra NVMe",
        "performance_icon": "",
        "section_title": [
            "Hạ tầng mạng Tiêu chuẩn Công nghiệp",
            "Tối ưu hóa cho Trải nghiệm Game Thuần túy",
            "Kích hoạt Tức thì - Hỗ trợ Tận tâm"
        ],
        "section_content": [
            "<p>G-Server vận hành trên nền tảng phần cứng mạnh mẽ với các thiết bị định tuyến từ <strong>Cisco<\/strong>, đảm bảo khả năng xử lý hàng triệu gói tin mỗi giây. Hệ thống của chúng tôi được tối ưu hóa cho các giao thức VPN (Site-to-Site, Teleworker) và định tuyến thông minh để giảm thiểu tối đa độ trễ (latency).<\/p><ul><li><strong>Chống DDoS đa tầng:<\/strong> Lọc traffic độc hại ngay tại cửa ngõ hạ tầng.<\/li><li><strong>Băng thông không giới hạn:<\/strong> Đảm bảo đường truyền luôn thông suốt kể cả trong giờ cao điểm.<\/li><\/ul>",
            "<p>Chúng tôi hiểu rằng những thay đổi về cơ chế server có thể làm hỏng các cỗ máy redstone phức tạp hay các hệ thống farm trong Minecraft. Tại G-Server, chúng tôi cam kết:<\/p><ul><li><strong>Giữ nguyên cơ chế Vanilla:<\/strong> Không can thiệp vào hành vi của Piston, Villager hay tốc độ Tick-rate của server.<\/li><li><strong>Hỗ trợ đa nền tảng:<\/strong> Dễ dàng triển khai các bản Modpack nặng như RLCraft, SkyFactory hay các Script Roleplay chuyên sâu cho GTA V mà không gặp rào cản kỹ thuật.<\/li><\/ul>",
            "<p>Thời gian của bạn là vàng. Hệ thống quản trị của G-Server cho phép khách hàng khởi tạo dịch vụ chỉ trong vài giây sau khi thanh toán thành công.<\/p><p>Đội ngũ hỗ trợ của chúng tôi bao gồm những kỹ thuật viên am hiểu sâu về quản trị hệ thống và phát triển game, sẵn sàng giúp bạn giải quyết các vấn đề từ cấu hình IP Route đến cài đặt Plugin\/Modpack phức tạp 24\/7.<\/p>"
        ],
        "years_active": "5 Năm",
        "founded_year": "2021",
        "partners_name": [
            "Viettel IDC",
            "Cisco Systems",
            "Cloudflare"
        ],
        "partners_url": [
            "https:\/\/viettelidc.com.vn",
            "https:\/\/www.cisco.com",
            "https:\/\/www.cloudflare.com"
        ],
        "partners_logo_text": [
            "\/uploads\/viettelidc_logo.png",
            "\/uploads\/cisco_logo.png",
            "\/uploads\/cloudflare_logo.png"
        ],
        "modpacks_name": [
            "Vanilla (Tối ưu cơ chế)",
            "RLCraft",
            "SkyFactory 4"
        ],
        "modpacks_url": [
            "#",
            "#",
            "#"
        ],
        "modpacks_logo_text": [
            "\/uploads\/vanilla_icon.png",
            "\/uploads\/rlcraft_icon.png",
            "\/uploads\/skyfactory_icon.png"
        ],
        "gallery_title": [
            ""
        ],
        "gallery_caption": [
            ""
        ],
        "cta_heading": "Sẵn sàng bắt đầu dự án của bạn cùng G-Server?",
        "cta_text": "Khởi tạo Game Server hoặc Website của bạn ngay hôm nay với các gói dịch vụ lưu trữ linh hoạt, mạnh mẽ và tiết kiệm nhất.",
        "cta_button_text": "Đăng Ký Ngay",
        "cta_button_url": "\/san-pham",
        "image_text": "",
        "background_text": "",
        "intro_gif_text": ""
    },
    "files": {
        "partners_logo": {
            "name": [
                "",
                "",
                ""
            ],
            "size": [
                0,
                0,
                0
            ]
        },
        "modpacks_logo": {
            "name": [
                "",
                "",
                ""
            ],
            "size": [
                0,
                0,
                0
            ]
        },
        "gallery_images": {
            "name": [
                ""
            ],
            "size": [
                0
            ]
        },
        "image": {
            "name": "",
            "size": 0
        },
        "background": {
            "name": "",
            "size": 0
        },
        "intro_gif": {
            "name": "",
            "size": 0
        }
    },
    "about_rows": [
        {
            "id": 1,
            "title": "G-Server - Khởi Tạo Đam Mê, Nền Tảng Lưu Trữ Không Giới Hạn",
            "subtitle": "Cung cấp giải pháp máy chủ tốc độ cao, cấu hình mạnh mẽ chuyên biệt cho Game Server và Doanh nghiệp.",
            "services_heading": "Dịch Vụ Của Chúng Tôi",
            "partners_heading": "Đối Tác Hạ Tầng & Công Nghệ",
            "modpacks_heading": "Hỗ Trợ Đa Dạng Modpack & Nền Tảng",
            "gallery_heading": "Hình Ảnh Trải Nghiệm & Datacenter",
            "content": "",
            "image": null,
            "admin_id": null,
            "uptime": "99.99%",
            "support": "24\/7\/365",
            "performance": "Ultra NVMe",
            "years_active": "5 Năm",
            "founded_year": 2021,
            "partners": "[\n        {\"name\": \"Viettel IDC\", \"url\": \"https:\/\/viettelidc.com.vn\", \"logo\": \"\/uploads\/viettelidc_logo.png\"},\n        {\"name\": \"Cisco Systems\", \"url\": \"https:\/\/www.cisco.com\", \"logo\": \"\/uploads\/cisco_logo.png\"},\n        {\"name\": \"Cloudflare\", \"url\": \"https:\/\/www.cloudflare.com\", \"logo\": \"\/uploads\/cloudflare_logo.png\"}\n    ]",
            "modpacks": "[\n        {\"name\": \"Vanilla (Tối ưu cơ chế)\", \"url\": \"#\", \"logo\": \"\/uploads\/vanilla_icon.png\"},\n        {\"name\": \"RLCraft\", \"url\": \"#\", \"logo\": \"\/uploads\/rlcraft_icon.png\"},\n        {\"name\": \"SkyFactory 4\", \"url\": \"#\", \"logo\": \"\/uploads\/skyfactory_icon.png\"}\n    ]",
            "gallery": null,
            "services": null,
            "sections": "[\n        {\n            \"title\": \"Hạ tầng mạng Tiêu chuẩn Công nghiệp\",\n            \"content\": \"<p>G-Server vận hành trên nền tảng phần cứng mạnh mẽ với các thiết bị định tuyến từ <strong>Cisco<\/strong>, đảm bảo khả năng xử lý hàng triệu gói tin mỗi giây. Hệ thống của chúng tôi được tối ưu hóa cho các giao thức VPN (Site-to-Site, Teleworker) và định tuyến thông minh để giảm thiểu tối đa độ trễ (latency).<\/p><ul><li><strong>Chống DDoS đa tầng:<\/strong> Lọc traffic độc hại ngay tại cửa ngõ hạ tầng.<\/li><li><strong>Băng thông không giới hạn:<\/strong> Đảm bảo đường truyền luôn thông suốt kể cả trong giờ cao điểm.<\/li><\/ul>\"\n        },\n        {\n            \"title\": \"Tối ưu hóa cho Trải nghiệm Game Thuần túy\",\n            \"content\": \"<p>Chúng tôi hiểu rằng những thay đổi về cơ chế server có thể làm hỏng các cỗ máy redstone phức tạp hay các hệ thống farm trong Minecraft. Tại G-Server, chúng tôi cam kết:<\/p><ul><li><strong>Giữ nguyên cơ chế Vanilla:<\/strong> Không can thiệp vào hành vi của Piston, Villager hay tốc độ Tick-rate của server.<\/li><li><strong>Hỗ trợ đa nền tảng:<\/strong> Dễ dàng triển khai các bản Modpack nặng như RLCraft, SkyFactory hay các Script Roleplay chuyên sâu cho GTA V mà không gặp rào cản kỹ thuật.<\/li><\/ul>\"\n        },\n        {\n            \"title\": \"Kích hoạt Tức thì - Hỗ trợ Tận tâm\",\n            \"content\": \"<p>Thời gian của bạn là vàng. Hệ thống quản trị của G-Server cho phép khách hàng khởi tạo dịch vụ chỉ trong vài giây sau khi thanh toán thành công.<\/p><p>Đội ngũ hỗ trợ của chúng tôi bao gồm những kỹ thuật viên am hiểu sâu về quản trị hệ thống và phát triển game, sẵn sàng giúp bạn giải quyết các vấn đề từ cấu hình IP Route đến cài đặt Plugin\/Modpack phức tạp 24\/7.<\/p>\"\n        }\n    ]",
            "cta_heading": "Sẵn sàng bắt đầu dự án của bạn cùng G-Server?",
            "cta_text": "Khởi tạo Game Server hoặc Website của bạn ngay hôm nay với các gói dịch vụ lưu trữ linh hoạt, mạnh mẽ và tiết kiệm nhất.",
            "cta_button_text": "Đăng Ký Ngay",
            "cta_button_url": "\/san-pham",
            "updated_at": "2026-05-14 20:19:10",
            "background": null,
            "intro_gif": null,
            "intro_duration": "5.52"
        }
    ]
}
---
{
    "time": "2026-05-14T20:41:38+02:00",
    "payload": {
        "id": 1,
        "title": "G-Server",
        "subtitle": "Cung cấp giải pháp máy chủ tốc độ cao, cấu hình mạnh mẽ chuyên biệt cho Game Server và Doanh nghiệp.",
        "content": "",
        "image": null,
        "background": null,
        "intro_gif": null,
        "intro_duration": 5.5,
        "admin_id": 1,
        "uptime": "99.99%",
        "support": "24\/7\/365",
        "performance": "Ultra NVMe",
        "years_active": "5 Năm",
        "founded_year": 2021,
        "partners": "[{\"name\":\"Viettel IDC\",\"url\":\"https:\\\/\\\/viettelidc.com.vn\",\"logo\":\"\\\/uploads\\\/viettelidc_logo.png\"},{\"name\":\"Cisco Systems\",\"url\":\"https:\\\/\\\/www.cisco.com\",\"logo\":\"\\\/uploads\\\/cisco_logo.png\"},{\"name\":\"Cloudflare\",\"url\":\"https:\\\/\\\/www.cloudflare.com\",\"logo\":\"\\\/uploads\\\/cloudflare_logo.png\"}]",
        "modpacks": "[{\"name\":\"Vanilla (Tối ưu cơ chế)\",\"url\":\"#\",\"logo\":\"\\\/uploads\\\/vanilla_icon.png\"},{\"name\":\"RLCraft\",\"url\":\"#\",\"logo\":\"\\\/uploads\\\/rlcraft_icon.png\"},{\"name\":\"SkyFactory 4\",\"url\":\"#\",\"logo\":\"\\\/uploads\\\/skyfactory_icon.png\"}]",
        "gallery": null,
        "sections": "[{\"title\":\"Hạ tầng mạng Tiêu chuẩn Công nghiệp\",\"content\":\"<p>G-Server vận hành trên nền tảng phần cứng mạnh mẽ với các thiết bị định tuyến từ <strong>Cisco<\\\/strong>, đảm bảo khả năng xử lý hàng triệu gói tin mỗi giây. Hệ thống của chúng tôi được tối ưu hóa cho các giao thức VPN (Site-to-Site, Teleworker) và định tuyến thông minh để giảm thiểu tối đa độ trễ (latency).<\\\/p><ul><li><strong>Chống DDoS đa tầng:<\\\/strong> Lọc traffic độc hại ngay tại cửa ngõ hạ tầng.<\\\/li><li><strong>Băng thông không giới hạn:<\\\/strong> Đảm bảo đường truyền luôn thông suốt kể cả trong giờ cao điểm.<\\\/li><\\\/ul>\"},{\"title\":\"Tối ưu hóa cho Trải nghiệm Game Thuần túy\",\"content\":\"<p>Chúng tôi hiểu rằng những thay đổi về cơ chế server có thể làm hỏng các cỗ máy redstone phức tạp hay các hệ thống farm trong Minecraft. Tại G-Server, chúng tôi cam kết:<\\\/p><ul><li><strong>Giữ nguyên cơ chế Vanilla:<\\\/strong> Không can thiệp vào hành vi của Piston, Villager hay tốc độ Tick-rate của server.<\\\/li><li><strong>Hỗ trợ đa nền tảng:<\\\/strong> Dễ dàng triển khai các bản Modpack nặng như RLCraft, SkyFactory hay các Script Roleplay chuyên sâu cho GTA V mà không gặp rào cản kỹ thuật.<\\\/li><\\\/ul>\"},{\"title\":\"Kích hoạt Tức thì - Hỗ trợ Tận tâm\",\"content\":\"<p>Thời gian của bạn là vàng. Hệ thống quản trị của G-Server cho phép khách hàng khởi tạo dịch vụ chỉ trong vài giây sau khi thanh toán thành công.<\\\/p><p>Đội ngũ hỗ trợ của chúng tôi bao gồm những kỹ thuật viên am hiểu sâu về quản trị hệ thống và phát triển game, sẵn sàng giúp bạn giải quyết các vấn đề từ cấu hình IP Route đến cài đặt Plugin\\\/Modpack phức tạp 24\\\/7.<\\\/p>\"}]",
        "partners_heading": "Đối Tác Hạ Tầng & Công Nghệ",
        "modpacks_heading": "Hỗ Trợ Đa Dạng Modpack & Nền Tảng",
        "gallery_heading": "Hình Ảnh Trải Nghiệm & Datacenter",
        "cta_heading": "Sẵn sàng bắt đầu dự án của bạn cùng G-Server?",
        "cta_text": "Khởi tạo Game Server hoặc Website của bạn ngay hôm nay với các gói dịch vụ lưu trữ linh hoạt, mạnh mẽ và tiết kiệm nhất.",
        "cta_button_text": "Đăng Ký Ngay",
        "cta_button_url": "\/san-pham",
        "uptime_icon": "",
        "support_icon": "",
        "performance_icon": ""
    },
    "saved": {
        "id": 1,
        "title": "G-Server",
        "subtitle": "Cung cấp giải pháp máy chủ tốc độ cao, cấu hình mạnh mẽ chuyên biệt cho Game Server và Doanh nghiệp.",
        "services_heading": null,
        "partners_heading": "Đối Tác Hạ Tầng & Công Nghệ",
        "modpacks_heading": "Hỗ Trợ Đa Dạng Modpack & Nền Tảng",
        "gallery_heading": "Hình Ảnh Trải Nghiệm & Datacenter",
        "content": "",
        "image": null,
        "admin_id": 1,
        "uptime": "99.99%",
        "support": "24\/7\/365",
        "performance": "Ultra NVMe",
        "years_active": "5 Năm",
        "founded_year": 2021,
        "partners": "[{\"name\":\"Viettel IDC\",\"url\":\"https:\\\/\\\/viettelidc.com.vn\",\"logo\":\"\\\/uploads\\\/viettelidc_logo.png\"},{\"name\":\"Cisco Systems\",\"url\":\"https:\\\/\\\/www.cisco.com\",\"logo\":\"\\\/uploads\\\/cisco_logo.png\"},{\"name\":\"Cloudflare\",\"url\":\"https:\\\/\\\/www.cloudflare.com\",\"logo\":\"\\\/uploads\\\/cloudflare_logo.png\"}]",
        "modpacks": "[{\"name\":\"Vanilla (Tối ưu cơ chế)\",\"url\":\"#\",\"logo\":\"\\\/uploads\\\/vanilla_icon.png\"},{\"name\":\"RLCraft\",\"url\":\"#\",\"logo\":\"\\\/uploads\\\/rlcraft_icon.png\"},{\"name\":\"SkyFactory 4\",\"url\":\"#\",\"logo\":\"\\\/uploads\\\/skyfactory_icon.png\"}]",
        "gallery": null,
        "services": null,
        "sections": "[{\"title\":\"Hạ tầng mạng Tiêu chuẩn Công nghiệp\",\"content\":\"<p>G-Server vận hành trên nền tảng phần cứng mạnh mẽ với các thiết bị định tuyến từ <strong>Cisco<\\\/strong>, đảm bảo khả năng xử lý hàng triệu gói tin mỗi giây. Hệ thống của chúng tôi được tối ưu hóa cho các giao thức VPN (Site-to-Site, Teleworker) và định tuyến thông minh để giảm thiểu tối đa độ trễ (latency).<\\\/p><ul><li><strong>Chống DDoS đa tầng:<\\\/strong> Lọc traffic độc hại ngay tại cửa ngõ hạ tầng.<\\\/li><li><strong>Băng thông không giới hạn:<\\\/strong> Đảm bảo đường truyền luôn thông suốt kể cả trong giờ cao điểm.<\\\/li><\\\/ul>\"},{\"title\":\"Tối ưu hóa cho Trải nghiệm Game Thuần túy\",\"content\":\"<p>Chúng tôi hiểu rằng những thay đổi về cơ chế server có thể làm hỏng các cỗ máy redstone phức tạp hay các hệ thống farm trong Minecraft. Tại G-Server, chúng tôi cam kết:<\\\/p><ul><li><strong>Giữ nguyên cơ chế Vanilla:<\\\/strong> Không can thiệp vào hành vi của Piston, Villager hay tốc độ Tick-rate của server.<\\\/li><li><strong>Hỗ trợ đa nền tảng:<\\\/strong> Dễ dàng triển khai các bản Modpack nặng như RLCraft, SkyFactory hay các Script Roleplay chuyên sâu cho GTA V mà không gặp rào cản kỹ thuật.<\\\/li><\\\/ul>\"},{\"title\":\"Kích hoạt Tức thì - Hỗ trợ Tận tâm\",\"content\":\"<p>Thời gian của bạn là vàng. Hệ thống quản trị của G-Server cho phép khách hàng khởi tạo dịch vụ chỉ trong vài giây sau khi thanh toán thành công.<\\\/p><p>Đội ngũ hỗ trợ của chúng tôi bao gồm những kỹ thuật viên am hiểu sâu về quản trị hệ thống và phát triển game, sẵn sàng giúp bạn giải quyết các vấn đề từ cấu hình IP Route đến cài đặt Plugin\\\/Modpack phức tạp 24\\\/7.<\\\/p>\"}]",
        "cta_heading": "Sẵn sàng bắt đầu dự án của bạn cùng G-Server?",
        "cta_text": "Khởi tạo Game Server hoặc Website của bạn ngay hôm nay với các gói dịch vụ lưu trữ linh hoạt, mạnh mẽ và tiết kiệm nhất.",
        "cta_button_text": "Đăng Ký Ngay",
        "cta_button_url": "\/san-pham",
        "updated_at": "2026-05-15 01:41:38",
        "background": null,
        "intro_gif": null,
        "intro_duration": "5.50"
    },
    "note": "non-ajax flow"
}
---
{
    "time": "2026-05-14T20:41:50+02:00",
    "post": {
        "id": "1",
        "csrf_token": "aab33b16831d1d579aa70791280390703cf634ee1bfc2f81054676649d2e98e4",
        "title": "G-Server",
        "subtitle": "Cung cấp giải pháp máy chủ tốc độ cao, cấu hình mạnh mẽ chuyên biệt cho Game Server và Doanh nghiệp.",
        "intro_duration": "5.50",
        "partners_heading": "Đối Tác Hạ Tầng & Công Nghệ",
        "modpacks_heading": "Hỗ Trợ Đa Dạng Modpack & Nền Tảng",
        "gallery_heading": "Hình Ảnh Trải Nghiệm & Datacenter",
        "content": "",
        "uptime": "99.99%",
        "uptime_icon": "",
        "support": "24\/7\/365",
        "support_icon": "",
        "performance": "Ultra NVMe",
        "performance_icon": "",
        "section_title": [
            "Hạ tầng mạng Tiêu chuẩn Công nghiệp",
            "Tối ưu hóa cho Trải nghiệm Game Thuần túy",
            "Kích hoạt Tức thì - Hỗ trợ Tận tâm"
        ],
        "section_content": [
            "<p>G-Server vận hành trên nền tảng phần cứng mạnh mẽ với các thiết bị định tuyến từ <strong>Cisco<\/strong>, đảm bảo khả năng xử lý hàng triệu gói tin mỗi giây. Hệ thống của chúng tôi được tối ưu hóa cho các giao thức VPN (Site-to-Site, Teleworker) và định tuyến thông minh để giảm thiểu tối đa độ trễ (latency).<\/p><ul><li><strong>Chống DDoS đa tầng:<\/strong> Lọc traffic độc hại ngay tại cửa ngõ hạ tầng.<\/li><li><strong>Băng thông không giới hạn:<\/strong> Đảm bảo đường truyền luôn thông suốt kể cả trong giờ cao điểm.<\/li><\/ul>",
            "<p>Chúng tôi hiểu rằng những thay đổi về cơ chế server có thể làm hỏng các cỗ máy redstone phức tạp hay các hệ thống farm trong Minecraft. Tại G-Server, chúng tôi cam kết:<\/p><ul><li><strong>Giữ nguyên cơ chế Vanilla:<\/strong> Không can thiệp vào hành vi của Piston, Villager hay tốc độ Tick-rate của server.<\/li><li><strong>Hỗ trợ đa nền tảng:<\/strong> Dễ dàng triển khai các bản Modpack nặng như RLCraft, SkyFactory hay các Script Roleplay chuyên sâu cho GTA V mà không gặp rào cản kỹ thuật.<\/li><\/ul>",
            "<p>Thời gian của bạn là vàng. Hệ thống quản trị của G-Server cho phép khách hàng khởi tạo dịch vụ chỉ trong vài giây sau khi thanh toán thành công.<\/p><p>Đội ngũ hỗ trợ của chúng tôi bao gồm những kỹ thuật viên am hiểu sâu về quản trị hệ thống và phát triển game, sẵn sàng giúp bạn giải quyết các vấn đề từ cấu hình IP Route đến cài đặt Plugin\/Modpack phức tạp 24\/7.<\/p>"
        ],
        "years_active": "5 Năm",
        "founded_year": "2021",
        "partners_name": [
            "Viettel IDC",
            "Cisco Systems",
            "Cloudflare"
        ],
        "partners_url": [
            "https:\/\/viettelidc.com.vn",
            "https:\/\/www.cisco.com",
            "https:\/\/www.cloudflare.com"
        ],
        "partners_logo_text": [
            "\/uploads\/viettelidc_logo.png",
            "\/uploads\/cisco_logo.png",
            "\/uploads\/cloudflare_logo.png"
        ],
        "modpacks_name": [
            "Vanilla (Tối ưu cơ chế)",
            "RLCraft",
            "SkyFactory 4"
        ],
        "modpacks_url": [
            "#",
            "#",
            "#"
        ],
        "modpacks_logo_text": [
            "\/uploads\/vanilla_icon.png",
            "\/uploads\/rlcraft_icon.png",
            "\/uploads\/skyfactory_icon.png"
        ],
        "gallery_title": [
            ""
        ],
        "gallery_caption": [
            ""
        ],
        "cta_heading": "Sẵn sàng bắt đầu dự án của bạn cùng G-Server?",
        "cta_text": "Khởi tạo Game Server hoặc Website của bạn ngay hôm nay với các gói dịch vụ lưu trữ linh hoạt, mạnh mẽ và tiết kiệm nhất.",
        "cta_button_text": "Đăng Ký Ngay",
        "cta_button_url": "\/san-pham",
        "image_text": "",
        "background_text": "",
        "intro_gif_text": ""
    },
    "files": {
        "partners_logo": {
            "name": [
                "",
                "",
                ""
            ],
            "size": [
                0,
                0,
                0
            ]
        },
        "modpacks_logo": {
            "name": [
                "",
                "",
                ""
            ],
            "size": [
                0,
                0,
                0
            ]
        },
        "gallery_images": {
            "name": [
                ""
            ],
            "size": [
                0
            ]
        },
        "image": {
            "name": "6a05dd4acaf27_news.jpg",
            "size": 40785
        },
        "background": {
            "name": "6a05dd4acaf27_news.jpg",
            "size": 40785
        },
        "intro_gif": {
            "name": "",
            "size": 0
        }
    },
    "about_rows": [
        {
            "id": 1,
            "title": "G-Server",
            "subtitle": "Cung cấp giải pháp máy chủ tốc độ cao, cấu hình mạnh mẽ chuyên biệt cho Game Server và Doanh nghiệp.",
            "services_heading": null,
            "partners_heading": "Đối Tác Hạ Tầng & Công Nghệ",
            "modpacks_heading": "Hỗ Trợ Đa Dạng Modpack & Nền Tảng",
            "gallery_heading": "Hình Ảnh Trải Nghiệm & Datacenter",
            "content": "",
            "image": null,
            "admin_id": 1,
            "uptime": "99.99%",
            "support": "24\/7\/365",
            "performance": "Ultra NVMe",
            "years_active": "5 Năm",
            "founded_year": 2021,
            "partners": "[{\"name\":\"Viettel IDC\",\"url\":\"https:\\\/\\\/viettelidc.com.vn\",\"logo\":\"\\\/uploads\\\/viettelidc_logo.png\"},{\"name\":\"Cisco Systems\",\"url\":\"https:\\\/\\\/www.cisco.com\",\"logo\":\"\\\/uploads\\\/cisco_logo.png\"},{\"name\":\"Cloudflare\",\"url\":\"https:\\\/\\\/www.cloudflare.com\",\"logo\":\"\\\/uploads\\\/cloudflare_logo.png\"}]",
            "modpacks": "[{\"name\":\"Vanilla (Tối ưu cơ chế)\",\"url\":\"#\",\"logo\":\"\\\/uploads\\\/vanilla_icon.png\"},{\"name\":\"RLCraft\",\"url\":\"#\",\"logo\":\"\\\/uploads\\\/rlcraft_icon.png\"},{\"name\":\"SkyFactory 4\",\"url\":\"#\",\"logo\":\"\\\/uploads\\\/skyfactory_icon.png\"}]",
            "gallery": null,
            "services": null,
            "sections": "[{\"title\":\"Hạ tầng mạng Tiêu chuẩn Công nghiệp\",\"content\":\"<p>G-Server vận hành trên nền tảng phần cứng mạnh mẽ với các thiết bị định tuyến từ <strong>Cisco<\\\/strong>, đảm bảo khả năng xử lý hàng triệu gói tin mỗi giây. Hệ thống của chúng tôi được tối ưu hóa cho các giao thức VPN (Site-to-Site, Teleworker) và định tuyến thông minh để giảm thiểu tối đa độ trễ (latency).<\\\/p><ul><li><strong>Chống DDoS đa tầng:<\\\/strong> Lọc traffic độc hại ngay tại cửa ngõ hạ tầng.<\\\/li><li><strong>Băng thông không giới hạn:<\\\/strong> Đảm bảo đường truyền luôn thông suốt kể cả trong giờ cao điểm.<\\\/li><\\\/ul>\"},{\"title\":\"Tối ưu hóa cho Trải nghiệm Game Thuần túy\",\"content\":\"<p>Chúng tôi hiểu rằng những thay đổi về cơ chế server có thể làm hỏng các cỗ máy redstone phức tạp hay các hệ thống farm trong Minecraft. Tại G-Server, chúng tôi cam kết:<\\\/p><ul><li><strong>Giữ nguyên cơ chế Vanilla:<\\\/strong> Không can thiệp vào hành vi của Piston, Villager hay tốc độ Tick-rate của server.<\\\/li><li><strong>Hỗ trợ đa nền tảng:<\\\/strong> Dễ dàng triển khai các bản Modpack nặng như RLCraft, SkyFactory hay các Script Roleplay chuyên sâu cho GTA V mà không gặp rào cản kỹ thuật.<\\\/li><\\\/ul>\"},{\"title\":\"Kích hoạt Tức thì - Hỗ trợ Tận tâm\",\"content\":\"<p>Thời gian của bạn là vàng. Hệ thống quản trị của G-Server cho phép khách hàng khởi tạo dịch vụ chỉ trong vài giây sau khi thanh toán thành công.<\\\/p><p>Đội ngũ hỗ trợ của chúng tôi bao gồm những kỹ thuật viên am hiểu sâu về quản trị hệ thống và phát triển game, sẵn sàng giúp bạn giải quyết các vấn đề từ cấu hình IP Route đến cài đặt Plugin\\\/Modpack phức tạp 24\\\/7.<\\\/p>\"}]",
            "cta_heading": "Sẵn sàng bắt đầu dự án của bạn cùng G-Server?",
            "cta_text": "Khởi tạo Game Server hoặc Website của bạn ngay hôm nay với các gói dịch vụ lưu trữ linh hoạt, mạnh mẽ và tiết kiệm nhất.",
            "cta_button_text": "Đăng Ký Ngay",
            "cta_button_url": "\/san-pham",
            "updated_at": "2026-05-15 01:41:38",
            "background": null,
            "intro_gif": null,
            "intro_duration": "5.50"
        }
    ]
}
---
{
    "time": "2026-05-14T20:41:50+02:00",
    "payload": {
        "id": 1,
        "title": "G-Server",
        "subtitle": "Cung cấp giải pháp máy chủ tốc độ cao, cấu hình mạnh mẽ chuyên biệt cho Game Server và Doanh nghiệp.",
        "content": "",
        "image": "img_6a06176e70f00.jpg",
        "background": "img_6a06176e71228.jpg",
        "intro_gif": null,
        "intro_duration": 5.5,
        "admin_id": 1,
        "uptime": "99.99%",
        "support": "24\/7\/365",
        "performance": "Ultra NVMe",
        "years_active": "5 Năm",
        "founded_year": 2021,
        "partners": "[{\"name\":\"Viettel IDC\",\"url\":\"https:\\\/\\\/viettelidc.com.vn\",\"logo\":\"\\\/uploads\\\/viettelidc_logo.png\"},{\"name\":\"Cisco Systems\",\"url\":\"https:\\\/\\\/www.cisco.com\",\"logo\":\"\\\/uploads\\\/cisco_logo.png\"},{\"name\":\"Cloudflare\",\"url\":\"https:\\\/\\\/www.cloudflare.com\",\"logo\":\"\\\/uploads\\\/cloudflare_logo.png\"}]",
        "modpacks": "[{\"name\":\"Vanilla (Tối ưu cơ chế)\",\"url\":\"#\",\"logo\":\"\\\/uploads\\\/vanilla_icon.png\"},{\"name\":\"RLCraft\",\"url\":\"#\",\"logo\":\"\\\/uploads\\\/rlcraft_icon.png\"},{\"name\":\"SkyFactory 4\",\"url\":\"#\",\"logo\":\"\\\/uploads\\\/skyfactory_icon.png\"}]",
        "gallery": null,
        "sections": "[{\"title\":\"Hạ tầng mạng Tiêu chuẩn Công nghiệp\",\"content\":\"<p>G-Server vận hành trên nền tảng phần cứng mạnh mẽ với các thiết bị định tuyến từ <strong>Cisco<\\\/strong>, đảm bảo khả năng xử lý hàng triệu gói tin mỗi giây. Hệ thống của chúng tôi được tối ưu hóa cho các giao thức VPN (Site-to-Site, Teleworker) và định tuyến thông minh để giảm thiểu tối đa độ trễ (latency).<\\\/p><ul><li><strong>Chống DDoS đa tầng:<\\\/strong> Lọc traffic độc hại ngay tại cửa ngõ hạ tầng.<\\\/li><li><strong>Băng thông không giới hạn:<\\\/strong> Đảm bảo đường truyền luôn thông suốt kể cả trong giờ cao điểm.<\\\/li><\\\/ul>\"},{\"title\":\"Tối ưu hóa cho Trải nghiệm Game Thuần túy\",\"content\":\"<p>Chúng tôi hiểu rằng những thay đổi về cơ chế server có thể làm hỏng các cỗ máy redstone phức tạp hay các hệ thống farm trong Minecraft. Tại G-Server, chúng tôi cam kết:<\\\/p><ul><li><strong>Giữ nguyên cơ chế Vanilla:<\\\/strong> Không can thiệp vào hành vi của Piston, Villager hay tốc độ Tick-rate của server.<\\\/li><li><strong>Hỗ trợ đa nền tảng:<\\\/strong> Dễ dàng triển khai các bản Modpack nặng như RLCraft, SkyFactory hay các Script Roleplay chuyên sâu cho GTA V mà không gặp rào cản kỹ thuật.<\\\/li><\\\/ul>\"},{\"title\":\"Kích hoạt Tức thì - Hỗ trợ Tận tâm\",\"content\":\"<p>Thời gian của bạn là vàng. Hệ thống quản trị của G-Server cho phép khách hàng khởi tạo dịch vụ chỉ trong vài giây sau khi thanh toán thành công.<\\\/p><p>Đội ngũ hỗ trợ của chúng tôi bao gồm những kỹ thuật viên am hiểu sâu về quản trị hệ thống và phát triển game, sẵn sàng giúp bạn giải quyết các vấn đề từ cấu hình IP Route đến cài đặt Plugin\\\/Modpack phức tạp 24\\\/7.<\\\/p>\"}]",
        "partners_heading": "Đối Tác Hạ Tầng & Công Nghệ",
        "modpacks_heading": "Hỗ Trợ Đa Dạng Modpack & Nền Tảng",
        "gallery_heading": "Hình Ảnh Trải Nghiệm & Datacenter",
        "cta_heading": "Sẵn sàng bắt đầu dự án của bạn cùng G-Server?",
        "cta_text": "Khởi tạo Game Server hoặc Website của bạn ngay hôm nay với các gói dịch vụ lưu trữ linh hoạt, mạnh mẽ và tiết kiệm nhất.",
        "cta_button_text": "Đăng Ký Ngay",
        "cta_button_url": "\/san-pham",
        "uptime_icon": "",
        "support_icon": "",
        "performance_icon": ""
    },
    "saved": {
        "id": 1,
        "title": "G-Server",
        "subtitle": "Cung cấp giải pháp máy chủ tốc độ cao, cấu hình mạnh mẽ chuyên biệt cho Game Server và Doanh nghiệp.",
        "services_heading": null,
        "partners_heading": "Đối Tác Hạ Tầng & Công Nghệ",
        "modpacks_heading": "Hỗ Trợ Đa Dạng Modpack & Nền Tảng",
        "gallery_heading": "Hình Ảnh Trải Nghiệm & Datacenter",
        "content": "",
        "image": "img_6a06176e70f00.jpg",
        "admin_id": 1,
        "uptime": "99.99%",
        "support": "24\/7\/365",
        "performance": "Ultra NVMe",
        "years_active": "5 Năm",
        "founded_year": 2021,
        "partners": "[{\"name\":\"Viettel IDC\",\"url\":\"https:\\\/\\\/viettelidc.com.vn\",\"logo\":\"\\\/uploads\\\/viettelidc_logo.png\"},{\"name\":\"Cisco Systems\",\"url\":\"https:\\\/\\\/www.cisco.com\",\"logo\":\"\\\/uploads\\\/cisco_logo.png\"},{\"name\":\"Cloudflare\",\"url\":\"https:\\\/\\\/www.cloudflare.com\",\"logo\":\"\\\/uploads\\\/cloudflare_logo.png\"}]",
        "modpacks": "[{\"name\":\"Vanilla (Tối ưu cơ chế)\",\"url\":\"#\",\"logo\":\"\\\/uploads\\\/vanilla_icon.png\"},{\"name\":\"RLCraft\",\"url\":\"#\",\"logo\":\"\\\/uploads\\\/rlcraft_icon.png\"},{\"name\":\"SkyFactory 4\",\"url\":\"#\",\"logo\":\"\\\/uploads\\\/skyfactory_icon.png\"}]",
        "gallery": null,
        "services": null,
        "sections": "[{\"title\":\"Hạ tầng mạng Tiêu chuẩn Công nghiệp\",\"content\":\"<p>G-Server vận hành trên nền tảng phần cứng mạnh mẽ với các thiết bị định tuyến từ <strong>Cisco<\\\/strong>, đảm bảo khả năng xử lý hàng triệu gói tin mỗi giây. Hệ thống của chúng tôi được tối ưu hóa cho các giao thức VPN (Site-to-Site, Teleworker) và định tuyến thông minh để giảm thiểu tối đa độ trễ (latency).<\\\/p><ul><li><strong>Chống DDoS đa tầng:<\\\/strong> Lọc traffic độc hại ngay tại cửa ngõ hạ tầng.<\\\/li><li><strong>Băng thông không giới hạn:<\\\/strong> Đảm bảo đường truyền luôn thông suốt kể cả trong giờ cao điểm.<\\\/li><\\\/ul>\"},{\"title\":\"Tối ưu hóa cho Trải nghiệm Game Thuần túy\",\"content\":\"<p>Chúng tôi hiểu rằng những thay đổi về cơ chế server có thể làm hỏng các cỗ máy redstone phức tạp hay các hệ thống farm trong Minecraft. Tại G-Server, chúng tôi cam kết:<\\\/p><ul><li><strong>Giữ nguyên cơ chế Vanilla:<\\\/strong> Không can thiệp vào hành vi của Piston, Villager hay tốc độ Tick-rate của server.<\\\/li><li><strong>Hỗ trợ đa nền tảng:<\\\/strong> Dễ dàng triển khai các bản Modpack nặng như RLCraft, SkyFactory hay các Script Roleplay chuyên sâu cho GTA V mà không gặp rào cản kỹ thuật.<\\\/li><\\\/ul>\"},{\"title\":\"Kích hoạt Tức thì - Hỗ trợ Tận tâm\",\"content\":\"<p>Thời gian của bạn là vàng. Hệ thống quản trị của G-Server cho phép khách hàng khởi tạo dịch vụ chỉ trong vài giây sau khi thanh toán thành công.<\\\/p><p>Đội ngũ hỗ trợ của chúng tôi bao gồm những kỹ thuật viên am hiểu sâu về quản trị hệ thống và phát triển game, sẵn sàng giúp bạn giải quyết các vấn đề từ cấu hình IP Route đến cài đặt Plugin\\\/Modpack phức tạp 24\\\/7.<\\\/p>\"}]",
        "cta_heading": "Sẵn sàng bắt đầu dự án của bạn cùng G-Server?",
        "cta_text": "Khởi tạo Game Server hoặc Website của bạn ngay hôm nay với các gói dịch vụ lưu trữ linh hoạt, mạnh mẽ và tiết kiệm nhất.",
        "cta_button_text": "Đăng Ký Ngay",
        "cta_button_url": "\/san-pham",
        "updated_at": "2026-05-15 01:41:50",
        "background": "img_6a06176e71228.jpg",
        "intro_gif": null,
        "intro_duration": "5.50"
    },
    "note": "non-ajax flow"
}
---
{
    "time": "2026-05-14T21:02:59+02:00",
    "post": {
        "id": "1",
        "csrf_token": "aab33b16831d1d579aa70791280390703cf634ee1bfc2f81054676649d2e98e4",
        "title": "G-Server",
        "subtitle": "Cung cấp giải pháp máy chủ tốc độ cao, cấu hình mạnh mẽ chuyên biệt cho Game Server và Doanh nghiệp.",
        "intro_duration": "4.0",
        "partners_heading": "Đối Tác Hạ Tầng & Công Nghệ",
        "modpacks_heading": "Hỗ Trợ Đa Dạng Modpack & Nền Tảng",
        "gallery_heading": "Hình Ảnh Trải Nghiệm & Datacenter",
        "content": "",
        "uptime": "99.99%",
        "uptime_icon": "",
        "support": "24\/7\/365",
        "support_icon": "",
        "performance": "Ultra NVMe",
        "performance_icon": "",
        "section_title": [
            "Hạ tầng mạng Tiêu chuẩn Công nghiệp",
            "Tối ưu hóa cho Trải nghiệm Game Thuần túy",
            "Kích hoạt Tức thì - Hỗ trợ Tận tâm"
        ],
        "section_content": [
            "<p>G-Server vận hành trên nền tảng phần cứng mạnh mẽ với các thiết bị định tuyến từ <strong>Cisco<\/strong>, đảm bảo khả năng xử lý hàng triệu gói tin mỗi giây. Hệ thống của chúng tôi được tối ưu hóa cho các giao thức VPN (Site-to-Site, Teleworker) và định tuyến thông minh để giảm thiểu tối đa độ trễ (latency).<\/p><ul><li><strong>Chống DDoS đa tầng:<\/strong> Lọc traffic độc hại ngay tại cửa ngõ hạ tầng.<\/li><li><strong>Băng thông không giới hạn:<\/strong> Đảm bảo đường truyền luôn thông suốt kể cả trong giờ cao điểm.<\/li><\/ul>",
            "<p>Chúng tôi hiểu rằng những thay đổi về cơ chế server có thể làm hỏng các cỗ máy redstone phức tạp hay các hệ thống farm trong Minecraft. Tại G-Server, chúng tôi cam kết:<\/p><ul><li><strong>Giữ nguyên cơ chế Vanilla:<\/strong> Không can thiệp vào hành vi của Piston, Villager hay tốc độ Tick-rate của server.<\/li><li><strong>Hỗ trợ đa nền tảng:<\/strong> Dễ dàng triển khai các bản Modpack nặng như RLCraft, SkyFactory hay các Script Roleplay chuyên sâu cho GTA V mà không gặp rào cản kỹ thuật.<\/li><\/ul>",
            "<p>Thời gian của bạn là vàng. Hệ thống quản trị của G-Server cho phép khách hàng khởi tạo dịch vụ chỉ trong vài giây sau khi thanh toán thành công.<\/p><p>Đội ngũ hỗ trợ của chúng tôi bao gồm những kỹ thuật viên am hiểu sâu về quản trị hệ thống và phát triển game, sẵn sàng giúp bạn giải quyết các vấn đề từ cấu hình IP Route đến cài đặt Plugin\/Modpack phức tạp 24\/7.<\/p>"
        ],
        "years_active": "5 Năm",
        "founded_year": "2021",
        "partners_name": [
            "Viettel IDC",
            "Cisco Systems",
            "Cloudflare"
        ],
        "partners_url": [
            "https:\/\/viettelidc.com.vn",
            "https:\/\/www.cisco.com",
            "https:\/\/www.cloudflare.com"
        ],
        "partners_logo_text": [
            "\/uploads\/viettelidc_logo.png",
            "\/uploads\/cisco_logo.png",
            "\/uploads\/cloudflare_logo.png"
        ],
        "modpacks_name": [
            "Minecraft",
            "GTA V",
            "Web Hosting"
        ],
        "modpacks_url": [
            "http:\/\/localhost\/Cloud-Arena-main\/products",
            "http:\/\/localhost\/Cloud-Arena-main\/products",
            "http:\/\/localhost\/Cloud-Arena-main\/products"
        ],
        "modpacks_logo_text": [
            "\/uploads\/vanilla_icon.png",
            "\/uploads\/rlcraft_icon.png",
            "\/uploads\/skyfactory_icon.png"
        ],
        "gallery_title": [
            "Minecraft",
            "GTA V",
            "Web Hosting"
        ],
        "gallery_caption": [
            "Xây dựng thế giới riêng của bạn hoạt động 24\/7 với hiệu năng ổn định, hỗ trợ plugin, modpack và hàng trăm người chơi cùng lúc trên hạ tầng tối ưu dành riêng cho Minecraft Server.",
            "Khởi chạy máy chủ FiveM chuyên nghiệp chỉ trong vài phút, đồng bộ tài nguyên siêu nhanh, ping thấp và toàn quyền quản lý cộng đồng GTA V Roleplay của bạn.",
            "Triển khai Website, Panel quản trị hoặc Landing Page gaming trên nền tảng hosting tốc độ cao, bảo mật mạnh mẽ và tối ưu cho hệ sinh thái Game Server hiện đại."
        ],
        "cta_heading": "Sẵn sàng bắt đầu dự án của bạn cùng G-Server?",
        "cta_text": "Khởi tạo Game Server hoặc Website của bạn ngay hôm nay với các gói dịch vụ lưu trữ linh hoạt, mạnh mẽ và tiết kiệm nhất.",
        "cta_button_text": "Đăng Ký Ngay",
        "cta_button_url": "\/users\/login",
        "image_text": "",
        "background_text": "",
        "intro_gif_text": ""
    },
    "files": {
        "partners_logo": {
            "name": [
                "img_69feae001423b.png",
                "img_69feaf4f25bc9.png",
                "img_69feb743d5030.png"
            ],
            "size": [
                12224,
                33123,
                4855
            ]
        },
        "modpacks_logo": {
            "name": [
                "img_69feea034c986.jpg",
                "img_69feea034cc19.jpg",
                "6a05e68f70c47_news.jpg"
            ],
            "size": [
                137309,
                421545,
                40785
            ]
        },
        "gallery_images": {
            "name": [
                "img_69feb743d629d.jpg",
                "img_69feea034cc19.jpg",
                "img_69feb743d7149.jpg"
            ],
            "size": [
                270852,
                421545,
                1232681
            ]
        },
        "image": {
            "name": "img_6a049cbd0afe2.gif",
            "size": 9063531
        },
        "background": {
            "name": "img_6a00c3ed1b236.gif",
            "size": 15421498
        },
        "intro_gif": {
            "name": "img_6a00c3ed1a339.gif",
            "size": 9063531
        }
    },
    "about_rows": [
        {
            "id": 1,
            "title": "G-Server - Khởi Tạo Đam Mê, Nền Tảng Lưu Trữ Không Giới Hạn",
            "subtitle": "Cung cấp giải pháp máy chủ tốc độ cao, cấu hình mạnh mẽ chuyên biệt cho Game Server và Doanh nghiệp.",
            "services_heading": "Dịch Vụ Của Chúng Tôi",
            "partners_heading": "Đối Tác Hạ Tầng & Công Nghệ",
            "modpacks_heading": "Hỗ Trợ Đa Dạng Modpack & Nền Tảng",
            "gallery_heading": "Hình Ảnh Trải Nghiệm & Datacenter",
            "content": "",
            "image": null,
            "admin_id": null,
            "uptime": "99.99%",
            "support": "24\/7\/365",
            "performance": "Ultra NVMe",
            "years_active": "5 Năm",
            "founded_year": 2021,
            "partners": "[\n        {\"name\": \"Viettel IDC\", \"url\": \"https:\/\/viettelidc.com.vn\", \"logo\": \"\/uploads\/viettelidc_logo.png\"},\n        {\"name\": \"Cisco Systems\", \"url\": \"https:\/\/www.cisco.com\", \"logo\": \"\/uploads\/cisco_logo.png\"},\n        {\"name\": \"Cloudflare\", \"url\": \"https:\/\/www.cloudflare.com\", \"logo\": \"\/uploads\/cloudflare_logo.png\"}\n    ]",
            "modpacks": "[\n        {\"name\": \"Vanilla (Tối ưu cơ chế)\", \"url\": \"#\", \"logo\": \"\/uploads\/vanilla_icon.png\"},\n        {\"name\": \"RLCraft\", \"url\": \"#\", \"logo\": \"\/uploads\/rlcraft_icon.png\"},\n        {\"name\": \"SkyFactory 4\", \"url\": \"#\", \"logo\": \"\/uploads\/skyfactory_icon.png\"}\n    ]",
            "gallery": null,
            "services": null,
            "sections": "[\n        {\n            \"title\": \"Hạ tầng mạng Tiêu chuẩn Công nghiệp\",\n            \"content\": \"<p>G-Server vận hành trên nền tảng phần cứng mạnh mẽ với các thiết bị định tuyến từ <strong>Cisco<\/strong>, đảm bảo khả năng xử lý hàng triệu gói tin mỗi giây. Hệ thống của chúng tôi được tối ưu hóa cho các giao thức VPN (Site-to-Site, Teleworker) và định tuyến thông minh để giảm thiểu tối đa độ trễ (latency).<\/p><ul><li><strong>Chống DDoS đa tầng:<\/strong> Lọc traffic độc hại ngay tại cửa ngõ hạ tầng.<\/li><li><strong>Băng thông không giới hạn:<\/strong> Đảm bảo đường truyền luôn thông suốt kể cả trong giờ cao điểm.<\/li><\/ul>\"\n        },\n        {\n            \"title\": \"Tối ưu hóa cho Trải nghiệm Game Thuần túy\",\n            \"content\": \"<p>Chúng tôi hiểu rằng những thay đổi về cơ chế server có thể làm hỏng các cỗ máy redstone phức tạp hay các hệ thống farm trong Minecraft. Tại G-Server, chúng tôi cam kết:<\/p><ul><li><strong>Giữ nguyên cơ chế Vanilla:<\/strong> Không can thiệp vào hành vi của Piston, Villager hay tốc độ Tick-rate của server.<\/li><li><strong>Hỗ trợ đa nền tảng:<\/strong> Dễ dàng triển khai các bản Modpack nặng như RLCraft, SkyFactory hay các Script Roleplay chuyên sâu cho GTA V mà không gặp rào cản kỹ thuật.<\/li><\/ul>\"\n        },\n        {\n            \"title\": \"Kích hoạt Tức thì - Hỗ trợ Tận tâm\",\n            \"content\": \"<p>Thời gian của bạn là vàng. Hệ thống quản trị của G-Server cho phép khách hàng khởi tạo dịch vụ chỉ trong vài giây sau khi thanh toán thành công.<\/p><p>Đội ngũ hỗ trợ của chúng tôi bao gồm những kỹ thuật viên am hiểu sâu về quản trị hệ thống và phát triển game, sẵn sàng giúp bạn giải quyết các vấn đề từ cấu hình IP Route đến cài đặt Plugin\/Modpack phức tạp 24\/7.<\/p>\"\n        }\n    ]",
            "cta_heading": "Sẵn sàng bắt đầu dự án của bạn cùng G-Server?",
            "cta_text": "Khởi tạo Game Server hoặc Website của bạn ngay hôm nay với các gói dịch vụ lưu trữ linh hoạt, mạnh mẽ và tiết kiệm nhất.",
            "cta_button_text": "Đăng Ký Ngay",
            "cta_button_url": "\/san-pham",
            "updated_at": "2026-05-15 01:51:39",
            "background": null,
            "intro_gif": null,
            "intro_duration": "5.52"
        }
    ]
}
---
{
    "time": "2026-05-14T21:02:59+02:00",
    "payload": {
        "id": 1,
        "title": "G-Server",
        "subtitle": "Cung cấp giải pháp máy chủ tốc độ cao, cấu hình mạnh mẽ chuyên biệt cho Game Server và Doanh nghiệp.",
        "content": "",
        "image": "img_6a061c63433c4.gif",
        "background": "img_6a061c63435f2.gif",
        "intro_gif": "img_6a061c6343651.gif",
        "intro_duration": 4,
        "admin_id": 1,
        "uptime": "99.99%",
        "support": "24\/7\/365",
        "performance": "Ultra NVMe",
        "years_active": "5 Năm",
        "founded_year": 2021,
        "partners": "[{\"name\":\"Viettel IDC\",\"url\":\"https:\\\/\\\/viettelidc.com.vn\",\"logo\":\"img_6a061c63436a9.png\"},{\"name\":\"Cisco Systems\",\"url\":\"https:\\\/\\\/www.cisco.com\",\"logo\":\"img_6a061c63436f8.png\"},{\"name\":\"Cloudflare\",\"url\":\"https:\\\/\\\/www.cloudflare.com\",\"logo\":\"img_6a061c6343745.png\"}]",
        "modpacks": "[{\"name\":\"Minecraft\",\"url\":\"http:\\\/\\\/localhost\\\/Cloud-Arena-main\\\/products\",\"logo\":\"img_6a061c63438b4.jpg\"},{\"name\":\"GTA V\",\"url\":\"http:\\\/\\\/localhost\\\/Cloud-Arena-main\\\/products\",\"logo\":\"img_6a061c6343902.jpg\"},{\"name\":\"Web Hosting\",\"url\":\"http:\\\/\\\/localhost\\\/Cloud-Arena-main\\\/products\",\"logo\":\"img_6a061c6343947.jpg\"}]",
        "gallery": "[{\"image\":\"img_6a061c634398e.jpg\",\"title\":\"Minecraft\",\"caption\":\"Xây dựng thế giới riêng của bạn hoạt động 24\\\/7 với hiệu năng ổn định, hỗ trợ plugin, modpack và hàng trăm người chơi cùng lúc trên hạ tầng tối ưu dành riêng cho Minecraft Server.\"},{\"image\":\"img_6a061c63439d2.jpg\",\"title\":\"GTA V\",\"caption\":\"Khởi chạy máy chủ FiveM chuyên nghiệp chỉ trong vài phút, đồng bộ tài nguyên siêu nhanh, ping thấp và toàn quyền quản lý cộng đồng GTA V Roleplay của bạn.\"},{\"image\":\"img_6a061c6343a1e.jpg\",\"title\":\"Web Hosting\",\"caption\":\"Triển khai Website, Panel quản trị hoặc Landing Page gaming trên nền tảng hosting tốc độ cao, bảo mật mạnh mẽ và tối ưu cho hệ sinh thái Game Server hiện đại.\"}]",
        "sections": "[{\"title\":\"Hạ tầng mạng Tiêu chuẩn Công nghiệp\",\"content\":\"<p>G-Server vận hành trên nền tảng phần cứng mạnh mẽ với các thiết bị định tuyến từ <strong>Cisco<\\\/strong>, đảm bảo khả năng xử lý hàng triệu gói tin mỗi giây. Hệ thống của chúng tôi được tối ưu hóa cho các giao thức VPN (Site-to-Site, Teleworker) và định tuyến thông minh để giảm thiểu tối đa độ trễ (latency).<\\\/p><ul><li><strong>Chống DDoS đa tầng:<\\\/strong> Lọc traffic độc hại ngay tại cửa ngõ hạ tầng.<\\\/li><li><strong>Băng thông không giới hạn:<\\\/strong> Đảm bảo đường truyền luôn thông suốt kể cả trong giờ cao điểm.<\\\/li><\\\/ul>\"},{\"title\":\"Tối ưu hóa cho Trải nghiệm Game Thuần túy\",\"content\":\"<p>Chúng tôi hiểu rằng những thay đổi về cơ chế server có thể làm hỏng các cỗ máy redstone phức tạp hay các hệ thống farm trong Minecraft. Tại G-Server, chúng tôi cam kết:<\\\/p><ul><li><strong>Giữ nguyên cơ chế Vanilla:<\\\/strong> Không can thiệp vào hành vi của Piston, Villager hay tốc độ Tick-rate của server.<\\\/li><li><strong>Hỗ trợ đa nền tảng:<\\\/strong> Dễ dàng triển khai các bản Modpack nặng như RLCraft, SkyFactory hay các Script Roleplay chuyên sâu cho GTA V mà không gặp rào cản kỹ thuật.<\\\/li><\\\/ul>\"},{\"title\":\"Kích hoạt Tức thì - Hỗ trợ Tận tâm\",\"content\":\"<p>Thời gian của bạn là vàng. Hệ thống quản trị của G-Server cho phép khách hàng khởi tạo dịch vụ chỉ trong vài giây sau khi thanh toán thành công.<\\\/p><p>Đội ngũ hỗ trợ của chúng tôi bao gồm những kỹ thuật viên am hiểu sâu về quản trị hệ thống và phát triển game, sẵn sàng giúp bạn giải quyết các vấn đề từ cấu hình IP Route đến cài đặt Plugin\\\/Modpack phức tạp 24\\\/7.<\\\/p>\"}]",
        "partners_heading": "Đối Tác Hạ Tầng & Công Nghệ",
        "modpacks_heading": "Hỗ Trợ Đa Dạng Modpack & Nền Tảng",
        "gallery_heading": "Hình Ảnh Trải Nghiệm & Datacenter",
        "cta_heading": "Sẵn sàng bắt đầu dự án của bạn cùng G-Server?",
        "cta_text": "Khởi tạo Game Server hoặc Website của bạn ngay hôm nay với các gói dịch vụ lưu trữ linh hoạt, mạnh mẽ và tiết kiệm nhất.",
        "cta_button_text": "Đăng Ký Ngay",
        "cta_button_url": "\/users\/login",
        "uptime_icon": "",
        "support_icon": "",
        "performance_icon": ""
    },
    "saved": {
        "id": 1,
        "title": "G-Server",
        "subtitle": "Cung cấp giải pháp máy chủ tốc độ cao, cấu hình mạnh mẽ chuyên biệt cho Game Server và Doanh nghiệp.",
        "services_heading": null,
        "partners_heading": "Đối Tác Hạ Tầng & Công Nghệ",
        "modpacks_heading": "Hỗ Trợ Đa Dạng Modpack & Nền Tảng",
        "gallery_heading": "Hình Ảnh Trải Nghiệm & Datacenter",
        "content": "",
        "image": "img_6a061c63433c4.gif",
        "admin_id": 1,
        "uptime": "99.99%",
        "support": "24\/7\/365",
        "performance": "Ultra NVMe",
        "years_active": "5 Năm",
        "founded_year": 2021,
        "partners": "[{\"name\":\"Viettel IDC\",\"url\":\"https:\\\/\\\/viettelidc.com.vn\",\"logo\":\"img_6a061c63436a9.png\"},{\"name\":\"Cisco Systems\",\"url\":\"https:\\\/\\\/www.cisco.com\",\"logo\":\"img_6a061c63436f8.png\"},{\"name\":\"Cloudflare\",\"url\":\"https:\\\/\\\/www.cloudflare.com\",\"logo\":\"img_6a061c6343745.png\"}]",
        "modpacks": "[{\"name\":\"Minecraft\",\"url\":\"http:\\\/\\\/localhost\\\/Cloud-Arena-main\\\/products\",\"logo\":\"img_6a061c63438b4.jpg\"},{\"name\":\"GTA V\",\"url\":\"http:\\\/\\\/localhost\\\/Cloud-Arena-main\\\/products\",\"logo\":\"img_6a061c6343902.jpg\"},{\"name\":\"Web Hosting\",\"url\":\"http:\\\/\\\/localhost\\\/Cloud-Arena-main\\\/products\",\"logo\":\"img_6a061c6343947.jpg\"}]",
        "gallery": "[{\"image\":\"img_6a061c634398e.jpg\",\"title\":\"Minecraft\",\"caption\":\"Xây dựng thế giới riêng của bạn hoạt động 24\\\/7 với hiệu năng ổn định, hỗ trợ plugin, modpack và hàng trăm người chơi cùng lúc trên hạ tầng tối ưu dành riêng cho Minecraft Server.\"},{\"image\":\"img_6a061c63439d2.jpg\",\"title\":\"GTA V\",\"caption\":\"Khởi chạy máy chủ FiveM chuyên nghiệp chỉ trong vài phút, đồng bộ tài nguyên siêu nhanh, ping thấp và toàn quyền quản lý cộng đồng GTA V Roleplay của bạn.\"},{\"image\":\"img_6a061c6343a1e.jpg\",\"title\":\"Web Hosting\",\"caption\":\"Triển khai Website, Panel quản trị hoặc Landing Page gaming trên nền tảng hosting tốc độ cao, bảo mật mạnh mẽ và tối ưu cho hệ sinh thái Game Server hiện đại.\"}]",
        "services": null,
        "sections": "[{\"title\":\"Hạ tầng mạng Tiêu chuẩn Công nghiệp\",\"content\":\"<p>G-Server vận hành trên nền tảng phần cứng mạnh mẽ với các thiết bị định tuyến từ <strong>Cisco<\\\/strong>, đảm bảo khả năng xử lý hàng triệu gói tin mỗi giây. Hệ thống của chúng tôi được tối ưu hóa cho các giao thức VPN (Site-to-Site, Teleworker) và định tuyến thông minh để giảm thiểu tối đa độ trễ (latency).<\\\/p><ul><li><strong>Chống DDoS đa tầng:<\\\/strong> Lọc traffic độc hại ngay tại cửa ngõ hạ tầng.<\\\/li><li><strong>Băng thông không giới hạn:<\\\/strong> Đảm bảo đường truyền luôn thông suốt kể cả trong giờ cao điểm.<\\\/li><\\\/ul>\"},{\"title\":\"Tối ưu hóa cho Trải nghiệm Game Thuần túy\",\"content\":\"<p>Chúng tôi hiểu rằng những thay đổi về cơ chế server có thể làm hỏng các cỗ máy redstone phức tạp hay các hệ thống farm trong Minecraft. Tại G-Server, chúng tôi cam kết:<\\\/p><ul><li><strong>Giữ nguyên cơ chế Vanilla:<\\\/strong> Không can thiệp vào hành vi của Piston, Villager hay tốc độ Tick-rate của server.<\\\/li><li><strong>Hỗ trợ đa nền tảng:<\\\/strong> Dễ dàng triển khai các bản Modpack nặng như RLCraft, SkyFactory hay các Script Roleplay chuyên sâu cho GTA V mà không gặp rào cản kỹ thuật.<\\\/li><\\\/ul>\"},{\"title\":\"Kích hoạt Tức thì - Hỗ trợ Tận tâm\",\"content\":\"<p>Thời gian của bạn là vàng. Hệ thống quản trị của G-Server cho phép khách hàng khởi tạo dịch vụ chỉ trong vài giây sau khi thanh toán thành công.<\\\/p><p>Đội ngũ hỗ trợ của chúng tôi bao gồm những kỹ thuật viên am hiểu sâu về quản trị hệ thống và phát triển game, sẵn sàng giúp bạn giải quyết các vấn đề từ cấu hình IP Route đến cài đặt Plugin\\\/Modpack phức tạp 24\\\/7.<\\\/p>\"}]",
        "cta_heading": "Sẵn sàng bắt đầu dự án của bạn cùng G-Server?",
        "cta_text": "Khởi tạo Game Server hoặc Website của bạn ngay hôm nay với các gói dịch vụ lưu trữ linh hoạt, mạnh mẽ và tiết kiệm nhất.",
        "cta_button_text": "Đăng Ký Ngay",
        "cta_button_url": "\/users\/login",
        "updated_at": "2026-05-15 02:02:59",
        "background": "img_6a061c63435f2.gif",
        "intro_gif": "img_6a061c6343651.gif",
        "intro_duration": "4.00"
    },
    "note": "non-ajax flow"
}
---
{
    "time": "2026-05-14T21:05:05+02:00",
    "post": {
        "id": "1",
        "csrf_token": "aab33b16831d1d579aa70791280390703cf634ee1bfc2f81054676649d2e98e4",
        "title": "G-Server",
        "subtitle": "Cung cấp giải pháp máy chủ tốc độ cao, cấu hình mạnh mẽ chuyên biệt cho Game Server và Doanh nghiệp.",
        "intro_duration": "4.00",
        "partners_heading": "Đối Tác Hạ Tầng & Công Nghệ",
        "modpacks_heading": "Hỗ Trợ Đa Dạng Modpack & Nền Tảng",
        "gallery_heading": "Hình Ảnh Trải Nghiệm & Datacenter",
        "content": "",
        "uptime": "99.99%",
        "uptime_icon": "",
        "support": "24\/7\/365",
        "support_icon": "",
        "performance": "Ultra NVMe",
        "performance_icon": "",
        "section_title": [
            "Hạ tầng mạng Tiêu chuẩn Công nghiệp",
            "Tối ưu hóa cho Trải nghiệm Game Thuần túy",
            "Kích hoạt Tức thì - Hỗ trợ Tận tâm"
        ],
        "section_content": [
            "<p>G-Server vận hành trên nền tảng phần cứng mạnh mẽ với các thiết bị định tuyến từ <strong>Cisco<\/strong>, đảm bảo khả năng xử lý hàng triệu gói tin mỗi giây. Hệ thống của chúng tôi được tối ưu hóa cho các giao thức VPN (Site-to-Site, Teleworker) và định tuyến thông minh để giảm thiểu tối đa độ trễ (latency).<\/p><ul><li><strong>Chống DDoS đa tầng:<\/strong> Lọc traffic độc hại ngay tại cửa ngõ hạ tầng.<\/li><li><strong>Băng thông không giới hạn:<\/strong><\/li><\/ul>",
            "<p>Chúng tôi hiểu rằng những thay đổi về cơ chế server có thể làm hỏng các cỗ máy redstone phức tạp hay các hệ thống farm trong Minecraft. Tại G-Server, chúng tôi cam kết:<\/p><ul><li><strong>Giữ nguyên cơ chế Vanilla:<\/strong> Không can thiệp vào hành vi của Piston, Villager hay tốc độ Tick-rate của server.<\/li><li><strong>Hỗ trợ đa nền tảng:<\/strong> Dễ dàng triển khai các bản Modpack nặng như RLCraft, SkyFactory hay các Script Roleplay chuyên sâu cho GTA V mà không gặp rào cản kỹ thuật.<\/li><\/ul>",
            "<p>Thời gian của bạn là vàng. Hệ thống quản trị của G-Server cho phép khách hàng khởi tạo dịch vụ chỉ trong vài giây sau khi thanh toán thành công.<\/p><p>Đội ngũ hỗ trợ của chúng tôi bao gồm những kỹ thuật viên am hiểu sâu về quản trị hệ thống và phát triển game, sẵn sàng giúp bạn giải quyết các vấn đề từ cấu hình IP Route đến cài đặt Plugin\/Modpack phức tạp 24\/7.<\/p>"
        ],
        "years_active": "5 Năm",
        "founded_year": "2021",
        "partners_name": [
            "Viettel IDC",
            "Cisco Systems",
            "Cloudflare"
        ],
        "partners_url": [
            "https:\/\/viettelidc.com.vn",
            "https:\/\/www.cisco.com",
            "https:\/\/www.cloudflare.com"
        ],
        "partners_logo_text": [
            "img_6a061c63436a9.png",
            "img_6a061c63436f8.png",
            "img_6a061c6343745.png"
        ],
        "modpacks_name": [
            "Minecraft",
            "GTA V",
            "Web Hosting"
        ],
        "modpacks_url": [
            "http:\/\/localhost\/Cloud-Arena-main\/products",
            "http:\/\/localhost\/Cloud-Arena-main\/products",
            "http:\/\/localhost\/Cloud-Arena-main\/products"
        ],
        "modpacks_logo_text": [
            "img_6a061c63438b4.jpg",
            "img_6a061c6343902.jpg",
            "img_6a061c6343947.jpg"
        ],
        "gallery_title": [
            "Minecraft",
            "GTA V",
            "Web Hosting"
        ],
        "gallery_caption": [
            "Xây dựng thế giới riêng của bạn hoạt động 24\/7 với hiệu năng ổn định, hỗ trợ plugin, modpack và hàng trăm người chơi cùng lúc trên hạ tầng tối ưu dành riêng cho Minecraft Server.",
            "Khởi chạy máy chủ FiveM chuyên nghiệp chỉ trong vài phút, đồng bộ tài nguyên siêu nhanh, ping thấp và toàn quyền quản lý cộng đồng GTA V Roleplay của bạn.",
            "Triển khai Website, Panel quản trị hoặc Landing Page gaming trên nền tảng hosting tốc độ cao, bảo mật mạnh mẽ và tối ưu cho hệ sinh thái Game Server hiện đại."
        ],
        "gallery_image_text": [
            "img_6a061c634398e.jpg",
            "img_6a061c63439d2.jpg",
            "img_6a061c6343a1e.jpg"
        ],
        "cta_heading": "Sẵn sàng bắt đầu dự án của bạn cùng G-Server?",
        "cta_text": "Khởi tạo Game Server hoặc Website của bạn ngay hôm nay với các gói dịch vụ lưu trữ linh hoạt, mạnh mẽ và tiết kiệm nhất.",
        "cta_button_text": "Đăng Ký Ngay",
        "cta_button_url": "\/users\/login",
        "image_text": "img_6a061c63433c4.gif",
        "background_text": "img_6a061c63435f2.gif",
        "intro_gif_text": "img_6a061c6343651.gif"
    },
    "files": {
        "partners_logo": {
            "name": [
                "",
                "",
                ""
            ],
            "size": [
                0,
                0,
                0
            ]
        },
        "modpacks_logo": {
            "name": [
                "",
                "",
                ""
            ],
            "size": [
                0,
                0,
                0
            ]
        },
        "gallery_images": {
            "name": [
                "",
                "",
                ""
            ],
            "size": [
                0,
                0,
                0
            ]
        },
        "image": {
            "name": "",
            "size": 0
        },
        "background": {
            "name": "",
            "size": 0
        },
        "intro_gif": {
            "name": "",
            "size": 0
        }
    },
    "about_rows": [
        {
            "id": 1,
            "title": "G-Server",
            "subtitle": "Cung cấp giải pháp máy chủ tốc độ cao, cấu hình mạnh mẽ chuyên biệt cho Game Server và Doanh nghiệp.",
            "services_heading": null,
            "partners_heading": "Đối Tác Hạ Tầng & Công Nghệ",
            "modpacks_heading": "Hỗ Trợ Đa Dạng Modpack & Nền Tảng",
            "gallery_heading": "Hình Ảnh Trải Nghiệm & Datacenter",
            "content": "",
            "image": "img_6a061c63433c4.gif",
            "admin_id": 1,
            "uptime": "99.99%",
            "support": "24\/7\/365",
            "performance": "Ultra NVMe",
            "years_active": "5 Năm",
            "founded_year": 2021,
            "partners": "[{\"name\":\"Viettel IDC\",\"url\":\"https:\\\/\\\/viettelidc.com.vn\",\"logo\":\"img_6a061c63436a9.png\"},{\"name\":\"Cisco Systems\",\"url\":\"https:\\\/\\\/www.cisco.com\",\"logo\":\"img_6a061c63436f8.png\"},{\"name\":\"Cloudflare\",\"url\":\"https:\\\/\\\/www.cloudflare.com\",\"logo\":\"img_6a061c6343745.png\"}]",
            "modpacks": "[{\"name\":\"Minecraft\",\"url\":\"http:\\\/\\\/localhost\\\/Cloud-Arena-main\\\/products\",\"logo\":\"img_6a061c63438b4.jpg\"},{\"name\":\"GTA V\",\"url\":\"http:\\\/\\\/localhost\\\/Cloud-Arena-main\\\/products\",\"logo\":\"img_6a061c6343902.jpg\"},{\"name\":\"Web Hosting\",\"url\":\"http:\\\/\\\/localhost\\\/Cloud-Arena-main\\\/products\",\"logo\":\"img_6a061c6343947.jpg\"}]",
            "gallery": "[{\"image\":\"img_6a061c634398e.jpg\",\"title\":\"Minecraft\",\"caption\":\"Xây dựng thế giới riêng của bạn hoạt động 24\\\/7 với hiệu năng ổn định, hỗ trợ plugin, modpack và hàng trăm người chơi cùng lúc trên hạ tầng tối ưu dành riêng cho Minecraft Server.\"},{\"image\":\"img_6a061c63439d2.jpg\",\"title\":\"GTA V\",\"caption\":\"Khởi chạy máy chủ FiveM chuyên nghiệp chỉ trong vài phút, đồng bộ tài nguyên siêu nhanh, ping thấp và toàn quyền quản lý cộng đồng GTA V Roleplay của bạn.\"},{\"image\":\"img_6a061c6343a1e.jpg\",\"title\":\"Web Hosting\",\"caption\":\"Triển khai Website, Panel quản trị hoặc Landing Page gaming trên nền tảng hosting tốc độ cao, bảo mật mạnh mẽ và tối ưu cho hệ sinh thái Game Server hiện đại.\"}]",
            "services": null,
            "sections": "[{\"title\":\"Hạ tầng mạng Tiêu chuẩn Công nghiệp\",\"content\":\"<p>G-Server vận hành trên nền tảng phần cứng mạnh mẽ với các thiết bị định tuyến từ <strong>Cisco<\\\/strong>, đảm bảo khả năng xử lý hàng triệu gói tin mỗi giây. Hệ thống của chúng tôi được tối ưu hóa cho các giao thức VPN (Site-to-Site, Teleworker) và định tuyến thông minh để giảm thiểu tối đa độ trễ (latency).<\\\/p><ul><li><strong>Chống DDoS đa tầng:<\\\/strong> Lọc traffic độc hại ngay tại cửa ngõ hạ tầng.<\\\/li><li><strong>Băng thông không giới hạn:<\\\/strong> Đảm bảo đường truyền luôn thông suốt kể cả trong giờ cao điểm.<\\\/li><\\\/ul>\"},{\"title\":\"Tối ưu hóa cho Trải nghiệm Game Thuần túy\",\"content\":\"<p>Chúng tôi hiểu rằng những thay đổi về cơ chế server có thể làm hỏng các cỗ máy redstone phức tạp hay các hệ thống farm trong Minecraft. Tại G-Server, chúng tôi cam kết:<\\\/p><ul><li><strong>Giữ nguyên cơ chế Vanilla:<\\\/strong> Không can thiệp vào hành vi của Piston, Villager hay tốc độ Tick-rate của server.<\\\/li><li><strong>Hỗ trợ đa nền tảng:<\\\/strong> Dễ dàng triển khai các bản Modpack nặng như RLCraft, SkyFactory hay các Script Roleplay chuyên sâu cho GTA V mà không gặp rào cản kỹ thuật.<\\\/li><\\\/ul>\"},{\"title\":\"Kích hoạt Tức thì - Hỗ trợ Tận tâm\",\"content\":\"<p>Thời gian của bạn là vàng. Hệ thống quản trị của G-Server cho phép khách hàng khởi tạo dịch vụ chỉ trong vài giây sau khi thanh toán thành công.<\\\/p><p>Đội ngũ hỗ trợ của chúng tôi bao gồm những kỹ thuật viên am hiểu sâu về quản trị hệ thống và phát triển game, sẵn sàng giúp bạn giải quyết các vấn đề từ cấu hình IP Route đến cài đặt Plugin\\\/Modpack phức tạp 24\\\/7.<\\\/p>\"}]",
            "cta_heading": "Sẵn sàng bắt đầu dự án của bạn cùng G-Server?",
            "cta_text": "Khởi tạo Game Server hoặc Website của bạn ngay hôm nay với các gói dịch vụ lưu trữ linh hoạt, mạnh mẽ và tiết kiệm nhất.",
            "cta_button_text": "Đăng Ký Ngay",
            "cta_button_url": "\/users\/login",
            "updated_at": "2026-05-15 02:02:59",
            "background": "img_6a061c63435f2.gif",
            "intro_gif": "img_6a061c6343651.gif",
            "intro_duration": "4.00"
        }
    ]
}
---
{
    "time": "2026-05-14T21:05:05+02:00",
    "payload": {
        "id": 1,
        "title": "G-Server",
        "subtitle": "Cung cấp giải pháp máy chủ tốc độ cao, cấu hình mạnh mẽ chuyên biệt cho Game Server và Doanh nghiệp.",
        "content": "",
        "image": "img_6a061c63433c4.gif",
        "background": "img_6a061c63435f2.gif",
        "intro_gif": "img_6a061c6343651.gif",
        "intro_duration": 4,
        "admin_id": 1,
        "uptime": "99.99%",
        "support": "24\/7\/365",
        "performance": "Ultra NVMe",
        "years_active": "5 Năm",
        "founded_year": 2021,
        "partners": "[{\"name\":\"Viettel IDC\",\"url\":\"https:\\\/\\\/viettelidc.com.vn\",\"logo\":\"img_6a061c63436a9.png\"},{\"name\":\"Cisco Systems\",\"url\":\"https:\\\/\\\/www.cisco.com\",\"logo\":\"img_6a061c63436f8.png\"},{\"name\":\"Cloudflare\",\"url\":\"https:\\\/\\\/www.cloudflare.com\",\"logo\":\"img_6a061c6343745.png\"}]",
        "modpacks": "[{\"name\":\"Minecraft\",\"url\":\"http:\\\/\\\/localhost\\\/Cloud-Arena-main\\\/products\",\"logo\":\"img_6a061c63438b4.jpg\"},{\"name\":\"GTA V\",\"url\":\"http:\\\/\\\/localhost\\\/Cloud-Arena-main\\\/products\",\"logo\":\"img_6a061c6343902.jpg\"},{\"name\":\"Web Hosting\",\"url\":\"http:\\\/\\\/localhost\\\/Cloud-Arena-main\\\/products\",\"logo\":\"img_6a061c6343947.jpg\"}]",
        "gallery": "[{\"image\":\"img_6a061c634398e.jpg\",\"title\":\"Minecraft\",\"caption\":\"Xây dựng thế giới riêng của bạn hoạt động 24\\\/7 với hiệu năng ổn định, hỗ trợ plugin, modpack và hàng trăm người chơi cùng lúc trên hạ tầng tối ưu dành riêng cho Minecraft Server.\"},{\"image\":\"img_6a061c63439d2.jpg\",\"title\":\"GTA V\",\"caption\":\"Khởi chạy máy chủ FiveM chuyên nghiệp chỉ trong vài phút, đồng bộ tài nguyên siêu nhanh, ping thấp và toàn quyền quản lý cộng đồng GTA V Roleplay của bạn.\"},{\"image\":\"img_6a061c6343a1e.jpg\",\"title\":\"Web Hosting\",\"caption\":\"Triển khai Website, Panel quản trị hoặc Landing Page gaming trên nền tảng hosting tốc độ cao, bảo mật mạnh mẽ và tối ưu cho hệ sinh thái Game Server hiện đại.\"}]",
        "sections": "[{\"title\":\"Hạ tầng mạng Tiêu chuẩn Công nghiệp\",\"content\":\"<p>G-Server vận hành trên nền tảng phần cứng mạnh mẽ với các thiết bị định tuyến từ <strong>Cisco<\\\/strong>, đảm bảo khả năng xử lý hàng triệu gói tin mỗi giây. Hệ thống của chúng tôi được tối ưu hóa cho các giao thức VPN (Site-to-Site, Teleworker) và định tuyến thông minh để giảm thiểu tối đa độ trễ (latency).<\\\/p><ul><li><strong>Chống DDoS đa tầng:<\\\/strong> Lọc traffic độc hại ngay tại cửa ngõ hạ tầng.<\\\/li><li><strong>Băng thông không giới hạn:<\\\/strong><\\\/li><\\\/ul>\"},{\"title\":\"Tối ưu hóa cho Trải nghiệm Game Thuần túy\",\"content\":\"<p>Chúng tôi hiểu rằng những thay đổi về cơ chế server có thể làm hỏng các cỗ máy redstone phức tạp hay các hệ thống farm trong Minecraft. Tại G-Server, chúng tôi cam kết:<\\\/p><ul><li><strong>Giữ nguyên cơ chế Vanilla:<\\\/strong> Không can thiệp vào hành vi của Piston, Villager hay tốc độ Tick-rate của server.<\\\/li><li><strong>Hỗ trợ đa nền tảng:<\\\/strong> Dễ dàng triển khai các bản Modpack nặng như RLCraft, SkyFactory hay các Script Roleplay chuyên sâu cho GTA V mà không gặp rào cản kỹ thuật.<\\\/li><\\\/ul>\"},{\"title\":\"Kích hoạt Tức thì - Hỗ trợ Tận tâm\",\"content\":\"<p>Thời gian của bạn là vàng. Hệ thống quản trị của G-Server cho phép khách hàng khởi tạo dịch vụ chỉ trong vài giây sau khi thanh toán thành công.<\\\/p><p>Đội ngũ hỗ trợ của chúng tôi bao gồm những kỹ thuật viên am hiểu sâu về quản trị hệ thống và phát triển game, sẵn sàng giúp bạn giải quyết các vấn đề từ cấu hình IP Route đến cài đặt Plugin\\\/Modpack phức tạp 24\\\/7.<\\\/p>\"}]",
        "partners_heading": "Đối Tác Hạ Tầng & Công Nghệ",
        "modpacks_heading": "Hỗ Trợ Đa Dạng Modpack & Nền Tảng",
        "gallery_heading": "Hình Ảnh Trải Nghiệm & Datacenter",
        "cta_heading": "Sẵn sàng bắt đầu dự án của bạn cùng G-Server?",
        "cta_text": "Khởi tạo Game Server hoặc Website của bạn ngay hôm nay với các gói dịch vụ lưu trữ linh hoạt, mạnh mẽ và tiết kiệm nhất.",
        "cta_button_text": "Đăng Ký Ngay",
        "cta_button_url": "\/users\/login",
        "uptime_icon": "",
        "support_icon": "",
        "performance_icon": ""
    },
    "saved": {
        "id": 1,
        "title": "G-Server",
        "subtitle": "Cung cấp giải pháp máy chủ tốc độ cao, cấu hình mạnh mẽ chuyên biệt cho Game Server và Doanh nghiệp.",
        "services_heading": null,
        "partners_heading": "Đối Tác Hạ Tầng & Công Nghệ",
        "modpacks_heading": "Hỗ Trợ Đa Dạng Modpack & Nền Tảng",
        "gallery_heading": "Hình Ảnh Trải Nghiệm & Datacenter",
        "content": "",
        "image": "img_6a061c63433c4.gif",
        "admin_id": 1,
        "uptime": "99.99%",
        "support": "24\/7\/365",
        "performance": "Ultra NVMe",
        "years_active": "5 Năm",
        "founded_year": 2021,
        "partners": "[{\"name\":\"Viettel IDC\",\"url\":\"https:\\\/\\\/viettelidc.com.vn\",\"logo\":\"img_6a061c63436a9.png\"},{\"name\":\"Cisco Systems\",\"url\":\"https:\\\/\\\/www.cisco.com\",\"logo\":\"img_6a061c63436f8.png\"},{\"name\":\"Cloudflare\",\"url\":\"https:\\\/\\\/www.cloudflare.com\",\"logo\":\"img_6a061c6343745.png\"}]",
        "modpacks": "[{\"name\":\"Minecraft\",\"url\":\"http:\\\/\\\/localhost\\\/Cloud-Arena-main\\\/products\",\"logo\":\"img_6a061c63438b4.jpg\"},{\"name\":\"GTA V\",\"url\":\"http:\\\/\\\/localhost\\\/Cloud-Arena-main\\\/products\",\"logo\":\"img_6a061c6343902.jpg\"},{\"name\":\"Web Hosting\",\"url\":\"http:\\\/\\\/localhost\\\/Cloud-Arena-main\\\/products\",\"logo\":\"img_6a061c6343947.jpg\"}]",
        "gallery": "[{\"image\":\"img_6a061c634398e.jpg\",\"title\":\"Minecraft\",\"caption\":\"Xây dựng thế giới riêng của bạn hoạt động 24\\\/7 với hiệu năng ổn định, hỗ trợ plugin, modpack và hàng trăm người chơi cùng lúc trên hạ tầng tối ưu dành riêng cho Minecraft Server.\"},{\"image\":\"img_6a061c63439d2.jpg\",\"title\":\"GTA V\",\"caption\":\"Khởi chạy máy chủ FiveM chuyên nghiệp chỉ trong vài phút, đồng bộ tài nguyên siêu nhanh, ping thấp và toàn quyền quản lý cộng đồng GTA V Roleplay của bạn.\"},{\"image\":\"img_6a061c6343a1e.jpg\",\"title\":\"Web Hosting\",\"caption\":\"Triển khai Website, Panel quản trị hoặc Landing Page gaming trên nền tảng hosting tốc độ cao, bảo mật mạnh mẽ và tối ưu cho hệ sinh thái Game Server hiện đại.\"}]",
        "services": null,
        "sections": "[{\"title\":\"Hạ tầng mạng Tiêu chuẩn Công nghiệp\",\"content\":\"<p>G-Server vận hành trên nền tảng phần cứng mạnh mẽ với các thiết bị định tuyến từ <strong>Cisco<\\\/strong>, đảm bảo khả năng xử lý hàng triệu gói tin mỗi giây. Hệ thống của chúng tôi được tối ưu hóa cho các giao thức VPN (Site-to-Site, Teleworker) và định tuyến thông minh để giảm thiểu tối đa độ trễ (latency).<\\\/p><ul><li><strong>Chống DDoS đa tầng:<\\\/strong> Lọc traffic độc hại ngay tại cửa ngõ hạ tầng.<\\\/li><li><strong>Băng thông không giới hạn:<\\\/strong><\\\/li><\\\/ul>\"},{\"title\":\"Tối ưu hóa cho Trải nghiệm Game Thuần túy\",\"content\":\"<p>Chúng tôi hiểu rằng những thay đổi về cơ chế server có thể làm hỏng các cỗ máy redstone phức tạp hay các hệ thống farm trong Minecraft. Tại G-Server, chúng tôi cam kết:<\\\/p><ul><li><strong>Giữ nguyên cơ chế Vanilla:<\\\/strong> Không can thiệp vào hành vi của Piston, Villager hay tốc độ Tick-rate của server.<\\\/li><li><strong>Hỗ trợ đa nền tảng:<\\\/strong> Dễ dàng triển khai các bản Modpack nặng như RLCraft, SkyFactory hay các Script Roleplay chuyên sâu cho GTA V mà không gặp rào cản kỹ thuật.<\\\/li><\\\/ul>\"},{\"title\":\"Kích hoạt Tức thì - Hỗ trợ Tận tâm\",\"content\":\"<p>Thời gian của bạn là vàng. Hệ thống quản trị của G-Server cho phép khách hàng khởi tạo dịch vụ chỉ trong vài giây sau khi thanh toán thành công.<\\\/p><p>Đội ngũ hỗ trợ của chúng tôi bao gồm những kỹ thuật viên am hiểu sâu về quản trị hệ thống và phát triển game, sẵn sàng giúp bạn giải quyết các vấn đề từ cấu hình IP Route đến cài đặt Plugin\\\/Modpack phức tạp 24\\\/7.<\\\/p>\"}]",
        "cta_heading": "Sẵn sàng bắt đầu dự án của bạn cùng G-Server?",
        "cta_text": "Khởi tạo Game Server hoặc Website của bạn ngay hôm nay với các gói dịch vụ lưu trữ linh hoạt, mạnh mẽ và tiết kiệm nhất.",
        "cta_button_text": "Đăng Ký Ngay",
        "cta_button_url": "\/users\/login",
        "updated_at": "2026-05-15 02:05:05",
        "background": "img_6a061c63435f2.gif",
        "intro_gif": "img_6a061c6343651.gif",
        "intro_duration": "4.00"
    },
    "note": "non-ajax flow"
}
---
{
    "time": "2026-05-15T03:56:37+07:00",
    "post": {
        "id": "1",
        "csrf_token": "b872a17a1160eb26978225665353ec90067da53ef2f749c163f5beeafe124cb8",
        "title": "G-Server",
        "subtitle": "Cung cấp giải pháp máy chủ tốc độ cao, cấu hình mạnh mẽ chuyên biệt cho Game Server và Doanh nghiệp.",
        "intro_duration": "4.00",
        "partners_heading": "Đối Tác Hạ Tầng & Công Nghệ",
        "modpacks_heading": "Hỗ Trợ Đa Dạng Modpack & Nền Tảng",
        "gallery_heading": "Hình Ảnh Trải Nghiệm & Datacenter",
        "content": "",
        "uptime": "99.99%",
        "uptime_icon": "",
        "support": "24\/7\/365",
        "support_icon": "",
        "performance": "Ultra NVMe",
        "performance_icon": "",
        "section_title": [
            "Hạ tầng mạng Tiêu chuẩn Công nghiệp",
            "Tối ưu hóa cho Trải nghiệm Game Thuần túy",
            "Kích hoạt Tức thì - Hỗ trợ Tận tâm"
        ],
        "section_content": [
            "<p>G-Server vận hành trên nền tảng phần cứng mạnh mẽ với các thiết bị định tuyến từ <strong>Cisco<\/strong>, đảm bảo khả năng xử lý hàng triệu gói tin mỗi giây. Hệ thống của chúng tôi được tối ưu hóa cho các giao thức VPN (Site-to-Site, Teleworker) và định tuyến thông minh để giảm thiểu tối đa độ trễ (latency).<\/p><ul><li><strong>Chống DDoS đa tầng:<\/strong> Lọc traffic độc hại ngay tại cửa ngõ hạ tầng.<\/li><li><strong>Băng thông không giới hạn:<\/strong><\/li><\/ul>",
            "<p>Chúng tôi hiểu rằng những thay đổi về cơ chế server có thể làm hỏng các cỗ máy redstone phức tạp hay các hệ thống farm trong Minecraft. Tại G-Server, chúng tôi cam kết:<\/p><ul><li><strong>Giữ nguyên cơ chế Vanilla:<\/strong> Không can thiệp vào hành vi của Piston, Villager hay tốc độ Tick-rate của server.<\/li><li><strong>Hỗ trợ đa nền tảng:<\/strong> Dễ dàng triển khai các bản Modpack nặng như RLCraft, SkyFactory hay các Script Roleplay chuyên sâu cho GTA V mà không gặp rào cản kỹ thuật.<\/li><\/ul>",
            "<p>Thời gian của bạn là vàng. Hệ thống quản trị của G-Server cho phép khách hàng khởi tạo dịch vụ chỉ trong vài giây sau khi thanh toán thành công.<\/p><p>Đội ngũ hỗ trợ của chúng tôi bao gồm những kỹ thuật viên am hiểu sâu về quản trị hệ thống và phát triển game, sẵn sàng giúp bạn giải quyết các vấn đề từ cấu hình IP Route đến cài đặt Plugin\/Modpack phức tạp 24\/7.<\/p>"
        ],
        "years_active": "5 Năm",
        "founded_year": "2021",
        "partners_name": [
            "Viettel IDC",
            "Cisco Systems",
            "Cloudflare"
        ],
        "partners_url": [
            "https:\/\/viettelidc.com.vn",
            "https:\/\/www.cisco.com",
            "https:\/\/www.cloudflare.com"
        ],
        "partners_logo_text": [
            "img_6a061c63436a9.png",
            "img_6a061c63436f8.png",
            "img_6a061c6343745.png"
        ],
        "modpacks_name": [
            "Minecraft",
            "GTA V",
            "Web Hosting"
        ],
        "modpacks_url": [
            "http:\/\/localhost\/Cloud-Arena-main\/products",
            "http:\/\/localhost\/Cloud-Arena-main\/products",
            "http:\/\/localhost\/Cloud-Arena-main\/products"
        ],
        "modpacks_logo_text": [
            "img_6a061c63438b4.jpg",
            "img_6a061c6343902.jpg",
            "img_6a061c6343947.jpg"
        ],
        "gallery_title": [
            "Minecraft",
            "GTA V",
            "Web Hosting"
        ],
        "gallery_caption": [
            "Xây dựng thế giới riêng của bạn hoạt động 24\/7 với hiệu năng ổn định, hỗ trợ plugin, modpack và hàng trăm người chơi cùng lúc trên hạ tầng tối ưu dành riêng cho Minecraft Server.",
            "Khởi chạy máy chủ FiveM chuyên nghiệp chỉ trong vài phút, đồng bộ tài nguyên siêu nhanh, ping thấp và toàn quyền quản lý cộng đồng GTA V Roleplay của bạn.",
            "Triển khai Website, Panel quản trị hoặc Landing Page gaming trên nền tảng hosting tốc độ cao, bảo mật mạnh mẽ và tối ưu cho hệ sinh thái Game Server hiện đại."
        ],
        "gallery_image_text": [
            "img_6a061c634398e.jpg",
            "img_6a061c63439d2.jpg",
            "img_6a061c6343a1e.jpg"
        ],
        "cta_heading": "Sẵn sàng bắt đầu dự án của bạn cùng G-Server?",
        "cta_text": "Khởi tạo Game Server hoặc Website của bạn ngay hôm nay với các gói dịch vụ lưu trữ linh hoạt, mạnh mẽ và tiết kiệm nhất.",
        "cta_button_text": "Đăng Ký Ngay",
        "cta_button_url": "\/users\/register",
        "image_text": "img_6a061c63433c4.gif",
        "background_text": "img_6a061c63435f2.gif",
        "intro_gif_text": "img_6a061c6343651.gif"
    },
    "files": {
        "partners_logo": {
            "name": [
                "",
                "",
                ""
            ],
            "size": [
                0,
                0,
                0
            ]
        },
        "modpacks_logo": {
            "name": [
                "",
                "",
                ""
            ],
            "size": [
                0,
                0,
                0
            ]
        },
        "gallery_images": {
            "name": [
                "",
                "",
                ""
            ],
            "size": [
                0,
                0,
                0
            ]
        },
        "image": {
            "name": "",
            "size": 0
        },
        "background": {
            "name": "",
            "size": 0
        },
        "intro_gif": {
            "name": "",
            "size": 0
        }
    },
    "about_rows": [
        {
            "id": 1,
            "title": "G-Server",
            "subtitle": "Cung cấp giải pháp máy chủ tốc độ cao, cấu hình mạnh mẽ chuyên biệt cho Game Server và Doanh nghiệp.",
            "services_heading": null,
            "partners_heading": "Đối Tác Hạ Tầng & Công Nghệ",
            "modpacks_heading": "Hỗ Trợ Đa Dạng Modpack & Nền Tảng",
            "gallery_heading": "Hình Ảnh Trải Nghiệm & Datacenter",
            "content": "",
            "image": "img_6a061c63433c4.gif",
            "admin_id": 1,
            "uptime": "99.99%",
            "support": "24\/7\/365",
            "performance": "Ultra NVMe",
            "years_active": "5 Năm",
            "founded_year": 2021,
            "partners": "[{\"name\":\"Viettel IDC\",\"url\":\"https:\\\/\\\/viettelidc.com.vn\",\"logo\":\"img_6a061c63436a9.png\"},{\"name\":\"Cisco Systems\",\"url\":\"https:\\\/\\\/www.cisco.com\",\"logo\":\"img_6a061c63436f8.png\"},{\"name\":\"Cloudflare\",\"url\":\"https:\\\/\\\/www.cloudflare.com\",\"logo\":\"img_6a061c6343745.png\"}]",
            "modpacks": "[{\"name\":\"Minecraft\",\"url\":\"http:\\\/\\\/localhost\\\/Cloud-Arena-main\\\/products\",\"logo\":\"img_6a061c63438b4.jpg\"},{\"name\":\"GTA V\",\"url\":\"http:\\\/\\\/localhost\\\/Cloud-Arena-main\\\/products\",\"logo\":\"img_6a061c6343902.jpg\"},{\"name\":\"Web Hosting\",\"url\":\"http:\\\/\\\/localhost\\\/Cloud-Arena-main\\\/products\",\"logo\":\"img_6a061c6343947.jpg\"}]",
            "gallery": "[{\"image\":\"img_6a061c634398e.jpg\",\"title\":\"Minecraft\",\"caption\":\"Xây dựng thế giới riêng của bạn hoạt động 24\\\/7 với hiệu năng ổn định, hỗ trợ plugin, modpack và hàng trăm người chơi cùng lúc trên hạ tầng tối ưu dành riêng cho Minecraft Server.\"},{\"image\":\"img_6a061c63439d2.jpg\",\"title\":\"GTA V\",\"caption\":\"Khởi chạy máy chủ FiveM chuyên nghiệp chỉ trong vài phút, đồng bộ tài nguyên siêu nhanh, ping thấp và toàn quyền quản lý cộng đồng GTA V Roleplay của bạn.\"},{\"image\":\"img_6a061c6343a1e.jpg\",\"title\":\"Web Hosting\",\"caption\":\"Triển khai Website, Panel quản trị hoặc Landing Page gaming trên nền tảng hosting tốc độ cao, bảo mật mạnh mẽ và tối ưu cho hệ sinh thái Game Server hiện đại.\"}]",
            "services": null,
            "sections": "[{\"title\":\"Hạ tầng mạng Tiêu chuẩn Công nghiệp\",\"content\":\"<p>G-Server vận hành trên nền tảng phần cứng mạnh mẽ với các thiết bị định tuyến từ <strong>Cisco<\\\/strong>, đảm bảo khả năng xử lý hàng triệu gói tin mỗi giây. Hệ thống của chúng tôi được tối ưu hóa cho các giao thức VPN (Site-to-Site, Teleworker) và định tuyến thông minh để giảm thiểu tối đa độ trễ (latency).<\\\/p><ul><li><strong>Chống DDoS đa tầng:<\\\/strong> Lọc traffic độc hại ngay tại cửa ngõ hạ tầng.<\\\/li><li><strong>Băng thông không giới hạn:<\\\/strong><\\\/li><\\\/ul>\"},{\"title\":\"Tối ưu hóa cho Trải nghiệm Game Thuần túy\",\"content\":\"<p>Chúng tôi hiểu rằng những thay đổi về cơ chế server có thể làm hỏng các cỗ máy redstone phức tạp hay các hệ thống farm trong Minecraft. Tại G-Server, chúng tôi cam kết:<\\\/p><ul><li><strong>Giữ nguyên cơ chế Vanilla:<\\\/strong> Không can thiệp vào hành vi của Piston, Villager hay tốc độ Tick-rate của server.<\\\/li><li><strong>Hỗ trợ đa nền tảng:<\\\/strong> Dễ dàng triển khai các bản Modpack nặng như RLCraft, SkyFactory hay các Script Roleplay chuyên sâu cho GTA V mà không gặp rào cản kỹ thuật.<\\\/li><\\\/ul>\"},{\"title\":\"Kích hoạt Tức thì - Hỗ trợ Tận tâm\",\"content\":\"<p>Thời gian của bạn là vàng. Hệ thống quản trị của G-Server cho phép khách hàng khởi tạo dịch vụ chỉ trong vài giây sau khi thanh toán thành công.<\\\/p><p>Đội ngũ hỗ trợ của chúng tôi bao gồm những kỹ thuật viên am hiểu sâu về quản trị hệ thống và phát triển game, sẵn sàng giúp bạn giải quyết các vấn đề từ cấu hình IP Route đến cài đặt Plugin\\\/Modpack phức tạp 24\\\/7.<\\\/p>\"}]",
            "cta_heading": "Sẵn sàng bắt đầu dự án của bạn cùng G-Server?",
            "cta_text": "Khởi tạo Game Server hoặc Website của bạn ngay hôm nay với các gói dịch vụ lưu trữ linh hoạt, mạnh mẽ và tiết kiệm nhất.",
            "cta_button_text": "Đăng Ký Ngay",
            "cta_button_url": "\/users\/login",
            "updated_at": "2026-05-15 02:05:05",
            "background": "img_6a061c63435f2.gif",
            "intro_gif": "img_6a061c6343651.gif",
            "intro_duration": "4.00"
        }
    ]
}
---
{
    "time": "2026-05-15T03:56:37+07:00",
    "payload": {
        "id": 1,
        "title": "G-Server",
        "subtitle": "Cung cấp giải pháp máy chủ tốc độ cao, cấu hình mạnh mẽ chuyên biệt cho Game Server và Doanh nghiệp.",
        "content": "",
        "image": "img_6a061c63433c4.gif",
        "background": "img_6a061c63435f2.gif",
        "intro_gif": "img_6a061c6343651.gif",
        "intro_duration": 4,
        "admin_id": 1,
        "uptime": "99.99%",
        "support": "24\/7\/365",
        "performance": "Ultra NVMe",
        "years_active": "5 Năm",
        "founded_year": 2021,
        "partners": "[{\"name\":\"Viettel IDC\",\"url\":\"https:\\\/\\\/viettelidc.com.vn\",\"logo\":\"img_6a061c63436a9.png\"},{\"name\":\"Cisco Systems\",\"url\":\"https:\\\/\\\/www.cisco.com\",\"logo\":\"img_6a061c63436f8.png\"},{\"name\":\"Cloudflare\",\"url\":\"https:\\\/\\\/www.cloudflare.com\",\"logo\":\"img_6a061c6343745.png\"}]",
        "modpacks": "[{\"name\":\"Minecraft\",\"url\":\"http:\\\/\\\/localhost\\\/Cloud-Arena-main\\\/products\",\"logo\":\"img_6a061c63438b4.jpg\"},{\"name\":\"GTA V\",\"url\":\"http:\\\/\\\/localhost\\\/Cloud-Arena-main\\\/products\",\"logo\":\"img_6a061c6343902.jpg\"},{\"name\":\"Web Hosting\",\"url\":\"http:\\\/\\\/localhost\\\/Cloud-Arena-main\\\/products\",\"logo\":\"img_6a061c6343947.jpg\"}]",
        "gallery": "[{\"image\":\"img_6a061c634398e.jpg\",\"title\":\"Minecraft\",\"caption\":\"Xây dựng thế giới riêng của bạn hoạt động 24\\\/7 với hiệu năng ổn định, hỗ trợ plugin, modpack và hàng trăm người chơi cùng lúc trên hạ tầng tối ưu dành riêng cho Minecraft Server.\"},{\"image\":\"img_6a061c63439d2.jpg\",\"title\":\"GTA V\",\"caption\":\"Khởi chạy máy chủ FiveM chuyên nghiệp chỉ trong vài phút, đồng bộ tài nguyên siêu nhanh, ping thấp và toàn quyền quản lý cộng đồng GTA V Roleplay của bạn.\"},{\"image\":\"img_6a061c6343a1e.jpg\",\"title\":\"Web Hosting\",\"caption\":\"Triển khai Website, Panel quản trị hoặc Landing Page gaming trên nền tảng hosting tốc độ cao, bảo mật mạnh mẽ và tối ưu cho hệ sinh thái Game Server hiện đại.\"}]",
        "sections": "[{\"title\":\"Hạ tầng mạng Tiêu chuẩn Công nghiệp\",\"content\":\"<p>G-Server vận hành trên nền tảng phần cứng mạnh mẽ với các thiết bị định tuyến từ <strong>Cisco<\\\/strong>, đảm bảo khả năng xử lý hàng triệu gói tin mỗi giây. Hệ thống của chúng tôi được tối ưu hóa cho các giao thức VPN (Site-to-Site, Teleworker) và định tuyến thông minh để giảm thiểu tối đa độ trễ (latency).<\\\/p><ul><li><strong>Chống DDoS đa tầng:<\\\/strong> Lọc traffic độc hại ngay tại cửa ngõ hạ tầng.<\\\/li><li><strong>Băng thông không giới hạn:<\\\/strong><\\\/li><\\\/ul>\"},{\"title\":\"Tối ưu hóa cho Trải nghiệm Game Thuần túy\",\"content\":\"<p>Chúng tôi hiểu rằng những thay đổi về cơ chế server có thể làm hỏng các cỗ máy redstone phức tạp hay các hệ thống farm trong Minecraft. Tại G-Server, chúng tôi cam kết:<\\\/p><ul><li><strong>Giữ nguyên cơ chế Vanilla:<\\\/strong> Không can thiệp vào hành vi của Piston, Villager hay tốc độ Tick-rate của server.<\\\/li><li><strong>Hỗ trợ đa nền tảng:<\\\/strong> Dễ dàng triển khai các bản Modpack nặng như RLCraft, SkyFactory hay các Script Roleplay chuyên sâu cho GTA V mà không gặp rào cản kỹ thuật.<\\\/li><\\\/ul>\"},{\"title\":\"Kích hoạt Tức thì - Hỗ trợ Tận tâm\",\"content\":\"<p>Thời gian của bạn là vàng. Hệ thống quản trị của G-Server cho phép khách hàng khởi tạo dịch vụ chỉ trong vài giây sau khi thanh toán thành công.<\\\/p><p>Đội ngũ hỗ trợ của chúng tôi bao gồm những kỹ thuật viên am hiểu sâu về quản trị hệ thống và phát triển game, sẵn sàng giúp bạn giải quyết các vấn đề từ cấu hình IP Route đến cài đặt Plugin\\\/Modpack phức tạp 24\\\/7.<\\\/p>\"}]",
        "partners_heading": "Đối Tác Hạ Tầng & Công Nghệ",
        "modpacks_heading": "Hỗ Trợ Đa Dạng Modpack & Nền Tảng",
        "gallery_heading": "Hình Ảnh Trải Nghiệm & Datacenter",
        "cta_heading": "Sẵn sàng bắt đầu dự án của bạn cùng G-Server?",
        "cta_text": "Khởi tạo Game Server hoặc Website của bạn ngay hôm nay với các gói dịch vụ lưu trữ linh hoạt, mạnh mẽ và tiết kiệm nhất.",
        "cta_button_text": "Đăng Ký Ngay",
        "cta_button_url": "\/users\/register",
        "uptime_icon": "",
        "support_icon": "",
        "performance_icon": ""
    },
    "saved": {
        "id": 1,
        "title": "G-Server",
        "subtitle": "Cung cấp giải pháp máy chủ tốc độ cao, cấu hình mạnh mẽ chuyên biệt cho Game Server và Doanh nghiệp.",
        "services_heading": null,
        "partners_heading": "Đối Tác Hạ Tầng & Công Nghệ",
        "modpacks_heading": "Hỗ Trợ Đa Dạng Modpack & Nền Tảng",
        "gallery_heading": "Hình Ảnh Trải Nghiệm & Datacenter",
        "content": "",
        "image": "img_6a061c63433c4.gif",
        "admin_id": 1,
        "uptime": "99.99%",
        "support": "24\/7\/365",
        "performance": "Ultra NVMe",
        "years_active": "5 Năm",
        "founded_year": 2021,
        "partners": "[{\"name\":\"Viettel IDC\",\"url\":\"https:\\\/\\\/viettelidc.com.vn\",\"logo\":\"img_6a061c63436a9.png\"},{\"name\":\"Cisco Systems\",\"url\":\"https:\\\/\\\/www.cisco.com\",\"logo\":\"img_6a061c63436f8.png\"},{\"name\":\"Cloudflare\",\"url\":\"https:\\\/\\\/www.cloudflare.com\",\"logo\":\"img_6a061c6343745.png\"}]",
        "modpacks": "[{\"name\":\"Minecraft\",\"url\":\"http:\\\/\\\/localhost\\\/Cloud-Arena-main\\\/products\",\"logo\":\"img_6a061c63438b4.jpg\"},{\"name\":\"GTA V\",\"url\":\"http:\\\/\\\/localhost\\\/Cloud-Arena-main\\\/products\",\"logo\":\"img_6a061c6343902.jpg\"},{\"name\":\"Web Hosting\",\"url\":\"http:\\\/\\\/localhost\\\/Cloud-Arena-main\\\/products\",\"logo\":\"img_6a061c6343947.jpg\"}]",
        "gallery": "[{\"image\":\"img_6a061c634398e.jpg\",\"title\":\"Minecraft\",\"caption\":\"Xây dựng thế giới riêng của bạn hoạt động 24\\\/7 với hiệu năng ổn định, hỗ trợ plugin, modpack và hàng trăm người chơi cùng lúc trên hạ tầng tối ưu dành riêng cho Minecraft Server.\"},{\"image\":\"img_6a061c63439d2.jpg\",\"title\":\"GTA V\",\"caption\":\"Khởi chạy máy chủ FiveM chuyên nghiệp chỉ trong vài phút, đồng bộ tài nguyên siêu nhanh, ping thấp và toàn quyền quản lý cộng đồng GTA V Roleplay của bạn.\"},{\"image\":\"img_6a061c6343a1e.jpg\",\"title\":\"Web Hosting\",\"caption\":\"Triển khai Website, Panel quản trị hoặc Landing Page gaming trên nền tảng hosting tốc độ cao, bảo mật mạnh mẽ và tối ưu cho hệ sinh thái Game Server hiện đại.\"}]",
        "services": null,
        "sections": "[{\"title\":\"Hạ tầng mạng Tiêu chuẩn Công nghiệp\",\"content\":\"<p>G-Server vận hành trên nền tảng phần cứng mạnh mẽ với các thiết bị định tuyến từ <strong>Cisco<\\\/strong>, đảm bảo khả năng xử lý hàng triệu gói tin mỗi giây. Hệ thống của chúng tôi được tối ưu hóa cho các giao thức VPN (Site-to-Site, Teleworker) và định tuyến thông minh để giảm thiểu tối đa độ trễ (latency).<\\\/p><ul><li><strong>Chống DDoS đa tầng:<\\\/strong> Lọc traffic độc hại ngay tại cửa ngõ hạ tầng.<\\\/li><li><strong>Băng thông không giới hạn:<\\\/strong><\\\/li><\\\/ul>\"},{\"title\":\"Tối ưu hóa cho Trải nghiệm Game Thuần túy\",\"content\":\"<p>Chúng tôi hiểu rằng những thay đổi về cơ chế server có thể làm hỏng các cỗ máy redstone phức tạp hay các hệ thống farm trong Minecraft. Tại G-Server, chúng tôi cam kết:<\\\/p><ul><li><strong>Giữ nguyên cơ chế Vanilla:<\\\/strong> Không can thiệp vào hành vi của Piston, Villager hay tốc độ Tick-rate của server.<\\\/li><li><strong>Hỗ trợ đa nền tảng:<\\\/strong> Dễ dàng triển khai các bản Modpack nặng như RLCraft, SkyFactory hay các Script Roleplay chuyên sâu cho GTA V mà không gặp rào cản kỹ thuật.<\\\/li><\\\/ul>\"},{\"title\":\"Kích hoạt Tức thì - Hỗ trợ Tận tâm\",\"content\":\"<p>Thời gian của bạn là vàng. Hệ thống quản trị của G-Server cho phép khách hàng khởi tạo dịch vụ chỉ trong vài giây sau khi thanh toán thành công.<\\\/p><p>Đội ngũ hỗ trợ của chúng tôi bao gồm những kỹ thuật viên am hiểu sâu về quản trị hệ thống và phát triển game, sẵn sàng giúp bạn giải quyết các vấn đề từ cấu hình IP Route đến cài đặt Plugin\\\/Modpack phức tạp 24\\\/7.<\\\/p>\"}]",
        "cta_heading": "Sẵn sàng bắt đầu dự án của bạn cùng G-Server?",
        "cta_text": "Khởi tạo Game Server hoặc Website của bạn ngay hôm nay với các gói dịch vụ lưu trữ linh hoạt, mạnh mẽ và tiết kiệm nhất.",
        "cta_button_text": "Đăng Ký Ngay",
        "cta_button_url": "\/users\/register",
        "updated_at": "2026-05-15 03:56:37",
        "background": "img_6a061c63435f2.gif",
        "intro_gif": "img_6a061c6343651.gif",
        "intro_duration": "4.00"
    },
    "note": "non-ajax flow"
}
---
